Job ID,Job URL,Job Title,Company Name,Status,Timestamp,WP ID
4878d7103beb007d,https://themimu.info/sites/themimu.info/files/jobs/P033_CARE_Admin_and_Finance_Officer_Yangon_28_June_2026.pdf,Admin and Finance Officer,CARE,posted,2026-06-17T14:04:55.131574,68.0
b8c18ec0fd4d95a5,https://themimu.info/sites/themimu.info/files/jobs/202606_COO_JVA_HR_Officer.pdf,HR Officer,Solidarites International,posted,2026-06-17T14:04:59.053495,69.0
e2271f88029f5392,https://themimu.info/sites/themimu.info/files/jobs/NSS-VA-DRC-ProtectionAssistant-15June2026.pdf,Protection Assistant - Response,DRC,posted,2026-06-17T14:05:02.268222,70.0
ce5fe1a8a69fa036,https://themimu.info/sites/themimu.info/files/jobs/ADRA_Myanmar_Job_Re-dvertisement_Civil_Engineering_Specialist_Deadline_30th_June_2026.pdf,Civil Engineering Specialist,ADRA Myanmar,posted,2026-06-17T14:05:05.345589,71.0
5c21c533e970fbfb,https://themimu.info/sites/themimu.info/files/jobs/TOR_-_Training_Coordinator_Building_Resilience_Project.pdf,Consultant-Training Coordinator for Building Resilience Project,CAM,posted,2026-06-17T14:05:07.852813,72.0
895f059f2c9e3aa0,https://themimu.info/sites/themimu.info/files/jobs/Call_for_Consultancy_Junior_Consultant.pdf,Individual Consultant - Data Analytics Support,UNESCO,posted,2026-06-17T14:05:11.528656,73.0
a995cbe5d8e08ba6,https://themimu.info/sites/themimu.info/files/jobs/Demand_GeneratorMagway-_Jun_26.pdf,Demand Generator (Magway),DKT Myanmar,posted,2026-06-17T14:05:14.582571,74.0
0b479ab9ada9baa5,https://themimu.info/sites/themimu.info/files/jobs/Demand_GeneratorMon-_Jun_26.pdf,Demand Generator,DKT Myanmar,posted,2026-06-17T14:05:17.002675,75.0
99d48f7b0465e874,https://themimu.info/sites/themimu.info/files/jobs/Demand_GeneratorMandalay-_Jun_26.pdf,Demand Generator,DKT Myanmar,posted,2026-06-17T14:05:20.592035,76.0
68b6e651dd4c1564,https://themimu.info/sites/themimu.info/files/jobs/JR50575_Field_Officer_Mandalay_22062026.pdf,Field Officer (Pool PNS Project),WVIM,posted,2026-06-17T14:05:24.774696,77.0
209a347fc3126edd,https://themimu.info/sites/themimu.info/files/jobs/AFA_JD_TB_HIV_Prevention_Project_Revised_0.pdf,Admin and Finance Assistant,MTSTM,posted,2026-06-17T14:05:27.191476,78.0
0675b21266dafd8b,https://themimu.info/sites/themimu.info/files/jobs/NSS-VA-DRC-ProtectionOfficer-15June2026.pdf,Protection Officer- Prevention,DRC,posted,2026-06-17T14:05:29.622853,79.0
2f5bca05fe0d0ad9,https://themimu.info/sites/themimu.info/files/jobs/RFP_010_26_GEDSI_Consultant_-_WAVE.pdf,GEDSI Consultant,Mercy Corps,posted,2026-06-17T14:05:34.173525,80.0
aaf09e544825669c,https://themimu.info/sites/themimu.info/files/jobs/JOB_ANNOUNCEMENT_FOR_HR_AND_ADMIN_COORDINATOR.pdf,HR & Admin Coordinator,KKEC,posted,2026-06-17T14:05:36.362478,81.0
28cc442f4534cdf0,https://themimu.info/sites/themimu.info/files/jobs/Finance_Manager_for_Multi-Sectors.pdf,Finance Manager,****,posted,2026-06-17T14:05:40.074627,82.0
83e6deb9c80014fd,https://themimu.info/sites/themimu.info/files/jobs/WHH_VA_WASH_Expert_Meiktila.pdf,WASH Expert,WHH,posted,2026-06-17T14:05:42.607289,83.0
948d31c4da3566f5,https://themimu.info/sites/themimu.info/files/jobs/ADRA_Myanmar_Job_Vacancy_Announcement_Health_Nutrition_Specialist_Yangon_Deadline_25th_June_2026.pdf,Health and Nutrition Specialist,ADRA Myanmar,posted,2026-06-17T14:05:44.837080,84.0
88c4ccef214b3b78,https://themimu.info/sites/themimu.info/files/jobs/VA_Tdh-044-2026_Finance_Project_Officer_Finance_Budget_MDY.pdf,Project Officer (Finance/Budget),Tdh-L,posted,2026-06-17T14:05:49.578006,85.0
5d1c0cfd4aed11a0,https://themimu.info/sites/themimu.info/files/jobs/MRCS_VA.No_.053.1_Emergency_WASH_Officer_12-6-2026_to_17-6-2026.pdf,Emergency WASH Officer,MRCS,posted,2026-06-17T14:05:51.809865,86.0
2aa096e52176efa6,https://themimu.info/sites/themimu.info/files/jobs/MRCS_VA_No.079_Foot_Unit_Worker_12-6-2026_to_26-6-2026.pdf,Foot Unit Worker,MRCS,posted,2026-06-17T14:05:54.051934,87.0
ad7801c27d3c2391,https://themimu.info/sites/themimu.info/files/jobs/VA_JR00003095Community_Health_Officer_Re-advertisement_DL_26_June26_0.pdf,Community Health Officer (Re-advertisement),IRC,posted,2026-06-17T14:05:57.168033,88.0
0b526555125680f8,https://themimu.info/sites/themimu.info/files/jobs/060-Human_Resource_Assistant_Part_Time.pdf,HR Assistant,MPG,posted,2026-06-17T14:06:01.693488,89.0
aa339446c712c564,https://themimu.info/sites/themimu.info/files/jobs/HEL-Vacancy_Announcement_Housekeepr_cum_Office_Assistant_CORE.pdf,Housekeeper cum Office Assistant,HELVETAS Myanmar,posted,2026-06-17T14:06:04.155521,90.0
29b10a0b27532a4e,https://themimu.info/sites/themimu.info/files/jobs/Finance_Assistant_Announcement_6-June-2026.pdf,Finance Assistant,MYS,posted,2026-06-17T14:06:06.514338,91.0
8df9cb518f4047c3,https://themimu.info/sites/themimu.info/files/jobs/VA-024_X_Ray-Tech_Dawei_Bago_and_AYY_End_TB_Reannouncement-June_2026.pdf,X-Ray Technician (Reannouncement),MHAA,posted,2026-06-17T14:06:09.330289,92.0
8c8e21472c3b026d,https://themimu.info/sites/themimu.info/files/jobs/VA-062_Project_Support_Assistant_Daily_Paid.pdf,Project Support Assistant (Daily Paid),MHAA,posted,2026-06-17T14:06:12.347606,93.0
1230c3b5598498e0,https://themimu.info/sites/themimu.info/files/jobs/VA-061-2026_PC_Khayan_ACE-TB.pdf,Project Coordinator,MHAA,posted,2026-06-17T14:06:15.929731,94.0
47e7d300e3726b03,https://themimu.info/sites/themimu.info/files/jobs/VA-060-PO_Field-based_Resource-limited_Setting_ACE-KKM-Kayin.pdf,Project Officer,MHAA,posted,2026-06-17T14:06:20.462052,95.0
04e89478a92cae9d,https://themimu.info/sites/themimu.info/files/jobs/VA-065_Assistant_ME_Manager_HQ.pdf,Assistant M&E Manager,MHAA,posted,2026-06-17T14:06:23.206151,96.0
72892bb9b51c5e4a,https://themimu.info/sites/themimu.info/files/jobs/Vacancy_Announcement_for_Branch_Manager_1.pdf,Branch Manager,BRAC,posted,2026-06-17T14:06:27.209980,97.0
00fbe9b1c2399046,https://themimu.info/sites/themimu.info/files/jobs/YGN-VA-DRC-FinanceOfficer-12June2026.pdf,Finance Officer – Accounting,DRC,posted,2026-06-17T14:06:30.621558,98.0
0fc0735eee1de1fd,https://themimu.info/sites/themimu.info/files/jobs/Vacancy_Announcement_for_Head_Finance.pdf,"Head, Finance",BRAC,posted,2026-06-17T14:06:34.114060,99.0
fc9d5cc19f316e8a,https://themimu.info/sites/themimu.info/files/jobs/MHDO_Vacancy_Announcement_Program_Coordinator.pdf,Program Coordinator,MHDO,posted,2026-06-17T14:06:36.819528,100.0
f97295359e488fce,,Finance Officer,GNI Myanmar,posted,2026-06-17T14:06:39.032788,101.0
298522f2e5e258a8,https://themimu.info/sites/themimu.info/files/jobs/058-Re-advertisement_Vacancy_Announcement_for_Nurse-Counsellor_Waingmaw_Kachin_State_0.pdf,Nurse-Counsellor (Re),AHRN,posted,2026-06-17T14:06:42.080531,102.0
e6d5de4753cd6047,https://themimu.info/sites/themimu.info/files/jobs/rev_VA_06_Programme_Manager.pdf,Programme Manager,TM,posted,2026-06-17T14:06:46.301244,103.0
06ed87d9e3aaab94,https://themimu.info/sites/themimu.info/files/jobs/VA_195_143_2026_CXRTechnicianAssistant_SCH_YRO.pdf,CXR Technician Assistant,SCH,posted,2026-06-17T14:06:48.499348,104.0
4c4b582399d4a096,https://themimu.info/sites/themimu.info/files/jobs/VA_194_122_2026_MobileDataAssistant_BagoKayin_SCH_YRO_Reannouncement.pdf,Data Assistant,SCH,posted,2026-06-17T14:06:51.183628,105.0
11f2815c25adff1e,https://themimu.info/sites/themimu.info/files/jobs/VA193_121_070_36_2026_Medical_Assistant_SCH_YRO_Reannouncement.pdf,Medical Assistant,SCH,posted,2026-06-17T14:06:54.553285,106.0
e66436900ae170dd,https://themimu.info/sites/themimu.info/files/jobs/VA_192_2026_096_2026_Team_Leader_SCH_YRO_Reannouncement.pdf,Team Leader,SCH,posted,2026-06-17T14:06:57.941528,107.0
98413576dce5418d,https://themimu.info/sites/themimu.info/files/jobs/VA_191_177_103_2026_Community_Mobilizer_BagoTgo_SCH_YRO_Reannouncement.pdf,Community Mobilizer,SCH,posted,2026-06-17T14:07:00.789154,108.0
80e95d2acc755f0e,https://themimu.info/sites/themimu.info/files/jobs/VA_190_2026_PC_2_Yangon_SCH_YRO_Reannounement.pdf,Project Coordinator,SCH,posted,2026-06-17T14:07:04.195013,109.0
84cb45e292607354,https://themimu.info/sites/themimu.info/files/jobs/VA_189_2026_Community_Mobilizer_Kathar_SCH_MRO.pdf,Community Mobilizer,SCH,posted,2026-06-17T14:07:06.459251,110.0
8f7b8142f3d82a13,https://themimu.info/sites/themimu.info/files/jobs/067_2026-_Announcement_for_Domestic_Muse_LPK.pdf,Domestic,Lan Pya Kyel,posted,2026-06-17T14:07:08.808035,111.0
da37a925c9f84def,https://themimu.info/sites/themimu.info/files/jobs/SCI_Finance_Intern_-_16_Jun_2026.pdf,Intern (Finance),SCI,posted,2026-06-17T14:07:12.640279,112.0
0f196e86349a7878,https://themimu.info/sites/themimu.info/files/jobs/Vacancy_Announcement_Admin_HR_Intern_18_Jun.pdf,Intern (Admin/HR),SCI,posted,2026-06-17T14:07:14.883126,113.0
4926a2ac0b6260ea,https://themimu.info/sites/themimu.info/files/jobs/Call_for_MSMEs_RFA_009_26.pdf,Call for MSMEs,Mercy Corps,posted,2026-06-17T14:07:17.934475,114.0
bd6027d4048e8fc0,,National Security Support Officer,IOM,posted,2026-06-17T14:07:21.229229,115.0
be6d253702a83e3a,https://themimu.info/sites/themimu.info/files/jobs/MRCS_VA._078_Logistics_Officer_11-6-2026_to_25-6-2026.pdf,Logistics Officer,MRCS,posted,2026-06-17T14:07:24.743638,116.0
665a3522b358b85f,https://themimu.info/sites/themimu.info/files/jobs/MRCS_VA._077_Field_Officer_Sagaing_11-6-2026_to_18-6-2026.pdf,Field Officer,MRCS,posted,2026-06-17T14:07:28.191651,117.0
3b363fbb9c525ad9,https://themimu.info/sites/themimu.info/files/jobs/ToR_Business_Plan_Development_Consultancy.pdf,,,posted,2026-06-18T04:03:55.583241,276.0
6183058f1c016cd3,https://themimu.info/sites/themimu.info/files/jobs/17.06.2026_CFMM_CFN_Vacancy_Finance_Officer.pdf,,,posted,2026-06-18T04:03:57.305269,277.0
94f91b7a9591900c,https://themimu.info/sites/themimu.info/files/jobs/070_2026-_Announcement_for_Community_Outreach_Organizer_-_FSW_Lashio-LPK_Re-announcement.pdf,,,posted,2026-06-18T04:03:58.982101,278.0
d2ab40c402f639bc,https://themimu.info/sites/themimu.info/files/jobs/069_2026-_Announcement_for_Medical_Officer_Lashio-LPK_Re-announcement.pdf,,,posted,2026-06-18T04:04:00.690693,279.0
3aa8391e3a60611d,https://themimu.info/sites/themimu.info/files/jobs/068_2026-_Announcement_for_Medical_Officer_Bago_LPK_Re-announcement.pdf,,,posted,2026-06-18T04:04:02.611940,280.0
f19b16374d86896a,https://themimu.info/sites/themimu.info/files/jobs/JD_-_SPO_-_Emergency_Response_and_Recovery_-_June_2026-6.pdf,,,posted,2026-06-18T04:04:04.435481,281.0
dcd4f850146eb14e,https://themimu.info/sites/themimu.info/files/jobs/JD_-_Technical_Associate_II_-_Engineer-2.pdf,,,posted,2026-06-18T04:04:06.284959,282.0
7507badd6a312fd8,https://themimu.info/sites/themimu.info/files/jobs/Vacancy_Announcement_Safe_House_Supervisor_AFXB_Myanmar.pdf,,,posted,2026-06-18T04:04:08.152985,283.0
579829816434ef4d,https://themimu.info/sites/themimu.info/files/jobs/VA-067-FA_Pakokku_End-TB_0.pdf,,,posted,2026-06-18T04:04:10.001249,284.0
6da42d7a0e491ee5,https://themimu.info/sites/themimu.info/files/jobs/VA-011-2026_CM_Multiple_IHN_Reannouncement_June_2026.pdf,,,posted,2026-06-18T04:04:11.879993,285.0
a822cde0ad2a23ee,https://themimu.info/sites/themimu.info/files/jobs/VA-069-FO_Field-based_Resource-limited_Setting_ACE-KKM.pdf,,,posted,2026-06-18T04:04:13.730398,286.0
12e4a8543d99285f,https://themimu.info/sites/themimu.info/files/jobs/VA-068-MEC_Field-based_Resource-limited_Setting_ACE-KKM.pdf,,,posted,2026-06-18T04:04:15.581316,287.0
af389c091e5d3335,https://themimu.info/sites/themimu.info/files/jobs/Project_Coordinator_YeUYedashaeWundwin_End-TB.pdf,,,posted,2026-06-18T04:04:17.278012,288.0
a2830108187fbad1,https://themimu.info/sites/themimu.info/files/jobs/VA-030-2026_MO_Field-based_Resource-limited_Setting_ACE-KKM_Reannouncement_June_2026.pdf,,,posted,2026-06-18T04:04:19.002776,289.0
aaff669aad665f00,https://themimu.info/sites/themimu.info/files/jobs/SH26061703_Community_Health_Worker.pdf,,,posted,2026-06-18T04:04:20.723750,290.0
b45bb5f7197ca19b,https://themimu.info/sites/themimu.info/files/jobs/Vacancy_Announcement_0.pdf,,,posted,2026-06-18T04:04:22.418180,291.0
e17645b5dd704f5c,https://themimu.info/sites/themimu.info/files/jobs/Economic_Generalist_Field_Officer_32647_External.pdf,,,posted,2026-06-18T04:04:24.212533,292.0
5fbdb388cd198b18,https://themimu.info/sites/themimu.info/files/jobs/ADRA_Myanmar_Job_Vacancy_Announcement_Marketing_and_Livelihood_Assistant_Hpa-an_Deadline_24th_June_2026.pdf,,,posted,2026-06-18T04:04:26.086841,293.0
8cef87e156a4a89b,https://themimu.info/sites/themimu.info/files/jobs/Enumerators_Professional_Myanmar_VA.pdf,,,posted,2026-06-18T04:04:27.805395,294.0
fca32fb58dd7d181,https://themimu.info/sites/themimu.info/files/jobs/VA00018COO_Grants_Officer_17062026_FV.pdf,,,posted,2026-06-18T04:04:29.654085,295.0
5ce1317615fab975,https://themimu.info/sites/themimu.info/files/jobs/VA_0067_2026_Team_Leader_Mon_16062026.pdf,,,posted,2026-06-18T04:04:31.312636,296.0
c2d9800afb3a14a3,https://themimu.info/sites/themimu.info/files/jobs/TOR_-_Training_Coordinator_Building_Resilience_Project_Edit.pdf,,,posted,2026-06-18T04:04:32.984609,297.0
e7ab52c96a650fec,https://themimu.info/sites/themimu.info/files/jobs/SDC_Audit_TOR_and_Annex.pdf,,,posted,2026-06-18T04:04:34.659881,298.0
980ff8183c2a404c,https://themimu.info/sites/themimu.info/files/jobs/STW-VA-DRC-ShelterandSettlementOfficer-17June2026.pdf,,,posted,2026-06-18T04:04:36.301817,299.0
76c69d218ab1483f,https://themimu.info/sites/themimu.info/files/jobs/HEL_VA_Project_Implementation_and_ME_Officer_PRET-061726.pdf,,,posted,2026-06-18T04:04:37.959910,300.0
96948f03e4ad509b,https://themimu.info/sites/themimu.info/files/jobs/DKL-HR-VA-2026-001-Livelihood_Specialist.pdf,,,posted,2026-06-18T04:04:39.630344,301.0
943a3c3aa35e52a4,https://themimu.info/sites/themimu.info/files/jobs/NAG-HR-VA-2026-0006-OfficeDriver.pdf,,,posted,2026-06-18T04:04:41.272302,302.0
84553530eb60eca4,https://themimu.info/sites/themimu.info/files/jobs/VA_Tdh-045-2026_Nutrition_Project_Officer_HTY_YGN.pdf,,,posted,2026-06-18T04:04:42.939851,303.0
4fccdeee971a6032,https://themimu.info/sites/themimu.info/files/jobs/MRCS_VA._080_Logistics_Officer_16-6-2026_to_23-6-2026.pdf,,,posted,2026-06-18T04:04:44.955990,304.0
be088926575b45d1,https://themimu.info/sites/themimu.info/files/jobs/VA_199_2026_182_2026_Community_Mobilizer_Bokepyin_SCH_MyeikFieldOffice_Reannouncement.pdf,,,posted,2026-06-18T04:04:46.705816,305.0
89ee001f078ac465,https://themimu.info/sites/themimu.info/files/jobs/VA_198_2026_PC_Pyinmana_SCH_YRO.pdf,,,posted,2026-06-18T04:04:48.471142,306.0
47dbcdffc93c4c63,https://themimu.info/sites/themimu.info/files/jobs/VA_197_2026_Community_Coordinator_Pyimana_SCH_MRO.pdf,,,posted,2026-06-18T04:04:50.392932,307.0
275b734e09c89c37,https://themimu.info/sites/themimu.info/files/jobs/VA_196_2026_188-2026_Officer_SBCC_SCH_NHQ_Reannouncement.pdf,,,posted,2026-06-18T04:04:52.179359,308.0
ce25894298237111,https://themimu.info/sites/themimu.info/files/jobs/VA_191_177_103_2026_Community_Mobilizer_Pyay_Taungoo_SCH_YRO_Reannouncement_revised.pdf,,,posted,2026-06-18T04:04:53.854216,309.0
505b4f669c34aef8,https://themimu.info/sites/themimu.info/files/jobs/Participatory_Irrigation_Management_Specialist_2601277.pdf,,,posted,2026-06-18T04:04:55.955006,310.0
e67863dbc89a139d,https://themimu.info/sites/themimu.info/files/jobs/SCI_Nutrition_Cluster_Co-Coordinator_Sittwe_26_July_2026.pdf,,,posted,2026-06-18T04:04:58.162199,311.0
2705e7cf19416ec4,https://themimu.info/sites/themimu.info/files/jobs/JVR202611_Senior_WASH_Officer_0.pdf,,,posted,2026-06-18T04:04:59.997844,312.0
562f3d6454f51616,https://themimu.info/sites/themimu.info/files/jobs/MC_VA_0110626_MEL_and_Com_Officer_SL.pdf,,,posted,2026-06-18T04:05:01.955649,313.0
55c7a48d1d4b90ec,https://themimu.info/sites/themimu.info/files/jobs/JVY202605_Partnership_Grants_Officer.pdf,,,posted,2026-06-18T04:05:03.861480,314.0
72417a6af76e6c26,https://themimu.info/sites/themimu.info/files/jobs/062-Re-advertisement_Vacancy_Announcement_for_Finance_Assistant_Data_Entry_Yangon.pdf,,,posted,2026-06-18T04:05:05.705757,315.0
8150d29af97d8559,https://themimu.info/sites/themimu.info/files/jobs/2026.06.12_People_and_Culture_Manager.pdf,,,posted,2026-06-18T04:05:07.489460,316.0
6bee4fd67330a28f,https://themimu.info/sites/themimu.info/files/jobs/VA-2026-HI-021_Data_Entry_Clerk_Hpa_An.pdf,,,posted,2026-06-18T04:05:09.429518,317.0
6b312bcc7c121f35,https://themimu.info/sites/themimu.info/files/jobs/06162026_VA_Admin_and_HR_Assistant_YCDN_0.pdf,,,posted,2026-06-18T04:05:11.131774,318.0
9004d3512cea7970,https://themimu.info/sites/themimu.info/files/jobs/06162026_VA_Finance_assistant_YCDN_0.pdf,,,posted,2026-06-18T04:05:12.835177,319.0
80aad33d49b22c23,https://themimu.info/sites/themimu.info/files/jobs/06162026_VA_Finance_Officer_Rakhine_YCDN_0.pdf,,,posted,2026-06-18T04:05:14.672776,320.0
ab78fd49fb3a619f,https://themimu.info/sites/themimu.info/files/jobs/06162026_VA_Finance_Officer_Yangon_YCDN_0.pdf,,,posted,2026-06-18T04:05:16.721190,321.0
967db23dedfce813,https://themimu.info/sites/themimu.info/files/jobs/Vacancy_Re-Announcement_Sr._ME_coordinator.pdf,,,posted,2026-06-18T04:05:18.609768,322.0
9a7d933afd88f56d,https://themimu.info/sites/themimu.info/files/jobs/CVA_04_2026_Field_Documentation_Assistant.pdf,,,posted,2026-06-18T04:05:20.406524,323.0
26edf4b48d88e42b,https://themimu.info/sites/themimu.info/files/jobs/VA_Data_Operations_Officer_Yangon_0082026.pdf,,,posted,2026-06-18T04:05:22.032012,324.0
7d597179bb72ca29,https://themimu.info/sites/themimu.info/files/jobs/VACANCY_ANNOUNCEMENT_28_Engineer.pdf,,,posted,2026-06-18T04:05:23.842834,325.0
0e951760e6fd4e77,https://themimu.info/sites/themimu.info/files/jobs/Acted_Vacancy_Announcement_MEAL_OfficerYGN.pdf,,,posted,2026-06-18T04:05:25.575680,326.0
68286597f6192b8d,https://themimu.info/sites/themimu.info/files/jobs/Legal_Officer_32572_External_0.pdf,,,posted,2026-06-18T04:05:27.396002,327.0
c5eff9fb9c16d1df,https://themimu.info/sites/themimu.info/files/jobs/ToR_for_CSA_001.pdf,,,posted,2026-06-18T04:05:29.094811,328.0
cf1a11d75bd8351b,https://themimu.info/sites/themimu.info/files/jobs/HO_Accountant_-_HOre-an.pdf,,,posted,2026-06-18T04:05:30.821985,329.0
dba2aaccbb48d5e2,https://themimu.info/sites/themimu.info/files/jobs/Internal_Auditor_YGN_or_Lower_Myanmar_Re_announce.pdf,,,posted,2026-06-18T04:05:32.478482,330.0
731d9c7fae1528cc,https://themimu.info/sites/themimu.info/files/jobs/MRCS_VA._076_Field_Officer_WASH_Nyaung_Shwe_11-6-2026_to_18-6-2026.pdf,,,posted,2026-06-18T04:05:34.168196,331.0
14b0102d54aec51d,https://themimu.info/sites/themimu.info/files/jobs/MRCS_VA._075_MHPSS_Officer_11-5-2026_to_18-6-2026.pdf,,,posted,2026-06-18T04:05:35.861906,332.0
61e19cb533dba6ea,https://themimu.info/sites/themimu.info/files/jobs/VA-2026-HI-020_Driver_Hpa_An.pdf,,,posted,2026-06-18T04:05:37.706784,333.0
ec4c434148881524,https://themimu.info/sites/themimu.info/files/jobs/Field_Project_Associate_IUCN_Myanmar.pdf,,,posted,2026-06-18T04:05:39.407994,334.0
7976e513eb4aacca,https://themimu.info/sites/themimu.info/files/jobs/Environmental_and_Climate_Change_Specialist_32530_External.pdf,,,posted,2026-06-18T04:05:41.280078,335.0
e0ed6e5775f9e5df,https://themimu.info/sites/themimu.info/files/jobs/061-Re-advertisement_Vacancy_Announcement_for_X-ray_Technician_Mohnyin_Kachin_State.pdf,,,posted,2026-06-18T04:05:43.336551,336.0
a5d4c29ad8fe5c92,https://themimu.info/sites/themimu.info/files/jobs/Project_Data_Entry_focal.pdf,,,posted,2026-06-18T04:05:45.092609,337.0
1eb36863540a60fc,https://themimu.info/sites/themimu.info/files/jobs/HR_O3_TVET_Coordinator_JD_0.pdf,,,posted,2026-06-18T04:05:46.816012,338.0
dea5c6ece73dd668,https://themimu.info/sites/themimu.info/files/jobs/ADRA_Myanmar_Job_Vacancy_Announcement_Finance_Coordinator_Deadline_June_18_2026_adjusted.pdf,,,posted,2026-06-18T04:05:48.593068,339.0
66d6c2aa3ddf3fe3,https://themimu.info/sites/themimu.info/files/jobs/RI_VA_-Medical_Officer_Shan_State-19_June_26.pdf,,,posted,2026-06-18T04:05:50.569788,340.0
c1d62a12296550a2,https://themimu.info/sites/themimu.info/files/jobs/VA_Field_Coordinator.pdf,,,posted,2026-06-18T04:05:52.230734,341.0
315601d879b2c403,https://themimu.info/sites/themimu.info/files/jobs/AMCHAM_CSR_Program_Officer_Job_Description_final.pdf,,,posted,2026-06-18T04:05:54.185158,342.0
d502dd1de0051f0f,https://themimu.info/sites/themimu.info/files/jobs/MRCS_VA.073_Driver_10-6-2026_to_24-6-2026.pdf,,,posted,2026-06-18T04:05:56.000010,343.0
82469963f3655493,https://themimu.info/sites/themimu.info/files/jobs/MRCS_VA._072_Training_Officer_IFRC_10-6-2026_to_24-6-2026.pdf,,,posted,2026-06-18T04:05:57.711700,344.0
48d686678609221d,https://themimu.info/sites/themimu.info/files/jobs/MRCS_VA.071_Clerk_-_1_10-6-2026_to_24-6-2026.pdf,,,posted,2026-06-18T04:05:59.370030,345.0
afcdde7d3a9f8a86,https://themimu.info/sites/themimu.info/files/jobs/VA_Education_Manager.pdf,,,posted,2026-06-18T04:06:01.241160,346.0
a9f08f395dbfcb34,https://themimu.info/sites/themimu.info/files/jobs/VA_JR00003242_Sr._WASH_Officer_-_DL_23_June26.pdf,,,posted,2026-06-18T04:06:02.922743,347.0
46af085c548fdfb9,https://themimu.info/sites/themimu.info/files/jobs/Security_Safety_Officer32529_External.pdf,,,posted,2026-06-18T04:06:04.862812,348.0
b258638df33cdcd8,https://themimu.info/sites/themimu.info/files/jobs/016_06102026_PGK_Township_Prevention_Supervisor_Southern_Yangon.pdf,,,posted,2026-06-18T04:06:06.473697,349.0
55038489c54d2e70,https://themimu.info/sites/themimu.info/files/jobs/10062026_Vacancy_Announcement_Programme_Officer.pdf,,,posted,2026-06-18T04:06:08.198891,350.0
3e91f1b93c27cd5b,https://themimu.info/sites/themimu.info/files/jobs/060-Re-advertisement_Vacancy_Announcement_for_X-ray_Technician_Homalin_Sagaing_Region.pdf,,,posted,2026-06-18T04:06:09.825521,351.0
e46b2e2070f74926,https://themimu.info/sites/themimu.info/files/jobs/059-Re-advertisement_Vacancy_Announcement_for_Nurse_MMT-ART_Homalin_Sagaing_Region.pdf,,,posted,2026-06-18T04:06:11.494050,352.0
05db088943d1a393,https://themimu.info/sites/themimu.info/files/jobs/019-Re-advertisement_-BS-Vacancy_announcement_for_Nurse-Counsellor_Tamu_Sagaing_Region.pdf,,,posted,2026-06-18T04:06:13.088924,353.0
f81fbbd01cb05daa,https://themimu.info/sites/themimu.info/files/jobs/JVY202604_Senior_HR_Officer.pdf,,,posted,2026-06-18T04:06:14.767962,354.0
1a6b36a8a3154d92,https://themimu.info/sites/themimu.info/files/jobs/JVY202603_Supply_Chain_Manager.pdf,,,posted,2026-06-18T04:06:16.527777,355.0
36f2c9ece78d84de,https://themimu.info/sites/themimu.info/files/jobs/JVY202602_Grants_Finance_Manager.pdf,,,posted,2026-06-18T04:06:18.467438,356.0
c1a8123da4aef2cf,https://themimu.info/sites/themimu.info/files/jobs/IRC_JR00003724_Community_Mobilization_Officer_MKN_DL_21_June26.pdf,,,posted,2026-06-18T04:06:20.263714,357.0
6c64091dd96132a0,https://themimu.info/sites/themimu.info/files/jobs/IRC_JR00003723_Education_Officer_LSH_DL_21_June26.pdf,,,posted,2026-06-18T04:06:21.978904,358.0
9775a3b7f106020c,https://themimu.info/sites/themimu.info/files/jobs/STW-VA-DRC-EconomicRecAssistant-10June2026.pdf,,,posted,2026-06-18T04:06:23.710840,359.0
82c5e09528a9f9c1,https://themimu.info/sites/themimu.info/files/jobs/STW-VA-DRC-HMAOfficer-10June2026.pdf,,,posted,2026-06-18T04:06:25.561640,360.0
a02b9c6e8ce072e2,https://themimu.info/sites/themimu.info/files/jobs/Acted_Vacancy_Announcement_Translator_and_Videographer_Re-advertisement.pdf,,,posted,2026-06-18T04:06:27.505954,361.0
4f9149e4a1feb317,https://themimu.info/sites/themimu.info/files/jobs/057-Re-advertisement_Vacancy_Announcement_for_Nurse-Counsellor_Lone_Khin_Kachin_State.pdf,,,posted,2026-06-18T04:06:29.283336,362.0
3797ae597f1db0b7,https://themimu.info/sites/themimu.info/files/jobs/056-Re-advertisement_Vacancy_Announcement_for_Nurse_In_Charge_Lone_Khin_Kachin_State.pdf,,,posted,2026-06-18T04:06:31.006967,363.0
d81c3ba80896664f,https://themimu.info/sites/themimu.info/files/jobs/STW-VA-DRC-ShelterSettlementAssistant-9June2026.pdf,,,posted,2026-06-18T04:06:32.835331,364.0
948a25fe3e91c7b9,https://themimu.info/sites/themimu.info/files/jobs/STW-VA-DRC-ShelterSettlementOffficer-9June2026.pdf,,,posted,2026-06-18T04:06:34.650506,365.0
3063c4d6e1bac600,https://themimu.info/sites/themimu.info/files/jobs/Accountant_For_ECEC_Project-2026.pdf,,,posted,2026-06-18T04:06:36.620893,366.0
47c74ef7e7fdddb8,https://themimu.info/sites/themimu.info/files/jobs/VA_0066_2026_Nurse_Health_Educator_Yangon_04062026.pdf,,,posted,2026-06-18T04:06:38.310778,367.0
f409c7774a70b0dc,https://themimu.info/sites/themimu.info/files/jobs/RI_VA-Field_Finance_Coordinator-TaunggyiShan_State_22_June_26_1.pdf,,,posted,2026-06-18T04:06:40.059364,368.0
b4bdd2c5eb54e776,https://themimu.info/sites/themimu.info/files/jobs/P032_CARE_Project_Specialist_Yangon_21_June_2026_rolling.pdf,,,posted,2026-06-18T04:06:41.765456,369.0
1b99ba7453fdcc4f,https://themimu.info/sites/themimu.info/files/jobs/P031_CARE_Consortium_Program_Manager_Yangon_21_June_2026_rolling.pdf,,,posted,2026-06-18T04:06:43.430792,370.0
7472d44ff555261f,https://themimu.info/sites/themimu.info/files/jobs/018-BS-Vacancy_announcement_for_Nurse-Counsellor_Shar_Du_ZutHpakant_Township_Kachin_State.pdf,,,posted,2026-06-18T04:06:45.419071,371.0
4bea571f0f9b2b0c,https://themimu.info/sites/themimu.info/files/jobs/066_2026-_Announcement_for_Domestic_Lashio-LPK_Re-announcement.pdf,,,posted,2026-06-18T04:06:47.234774,372.0
9e50b62647d7bd3c,https://themimu.info/sites/themimu.info/files/jobs/Helvetas_Vacancy_-Technical_Expert-WASH_Shelter-EWSR_final.pdf,,,posted,2026-06-18T04:06:49.078679,373.0
2854f6cbe50d2f4d,https://themimu.info/sites/themimu.info/files/jobs/MSI_Reproductive_Choices_Myanmar_Mobile_Nurse_Maubin_Mahaaungmyay_HANS_22nd_June_2026.pdf,,,posted,2026-06-18T04:06:50.828402,374.0
a01025078b8768da,https://themimu.info/sites/themimu.info/files/jobs/IRC_JR00003692_Senior_Protection_Officer_MKN_DL_19_June_26.docx.pdf,,,posted,2026-06-18T04:06:52.529581,375.0
1a752c65e7ca393c,https://themimu.info/sites/themimu.info/files/jobs/06062026_VA_Senior_Logistics_Officer_0.pdf,,,posted,2026-06-18T04:06:54.196554,376.0
eb9514de57839a7f,https://themimu.info/sites/themimu.info/files/jobs/06062026_VA_Finance_Assistant.pdf,,,posted,2026-06-18T04:06:56.068833,377.0
1cc4efca6a1f5ec4,https://themimu.info/sites/themimu.info/files/jobs/06062026_VA_MEAL_Assistant.pdf,,,posted,2026-06-18T04:06:57.886542,378.0
9158ffc7241eb5ef,https://themimu.info/sites/themimu.info/files/jobs/Vacancy_Announcement.pdf,,,posted,2026-06-18T04:06:59.824495,379.0
35b29a5fd685238b,https://themimu.info/sites/themimu.info/files/jobs/Administrative_Manager.pdf,,,posted,2026-06-18T04:07:01.698386,380.0
de12fc05fb92505a,https://themimu.info/sites/themimu.info/files/jobs/MRCS_VA._030.6.25_Medical_Doctor_Coordinator_5-6-2026_to_19-6-2026.pdf,,,posted,2026-06-18T04:07:03.699332,381.0
1a2148ca6ec06e1b,https://themimu.info/sites/themimu.info/files/jobs/Vacancy_Annoucement-_Protection_Assistant-_Response.pdf,,,posted,2026-06-18T04:07:05.541861,382.0
bd9705809537dd3f,https://themimu.info/sites/themimu.info/files/jobs/Vacancy_Annoucement-_Protection_Assistant.pdf,,,posted,2026-06-18T04:07:07.691231,383.0
42ed3fbdbdfbefee,https://themimu.info/sites/themimu.info/files/jobs/Protection_Officer-Community_Based_Protection.pdf,,,posted,2026-06-18T04:07:09.537024,384.0
2c55b86c24543590,https://themimu.info/sites/themimu.info/files/jobs/WASH.pdf,,,posted,2026-06-18T04:07:11.433843,385.0
c481a617cfd9ae51,https://themimu.info/sites/themimu.info/files/jobs/Child_Protection.pdf,,,posted,2026-06-18T04:07:13.163642,386.0
8fce89b128a686db,https://themimu.info/sites/themimu.info/files/jobs/VA_Finance_Officer_Rakhine_3_Posts_06_June_2026.pdf,,,posted,2026-06-18T04:07:15.003208,387.0
74f47641fd13a5d8,https://themimu.info/sites/themimu.info/files/jobs/202606_COO_JVA_EC_Manager.pdf,,,posted,2026-06-18T04:07:16.802655,388.0
d49706bde4eea6e4,https://themimu.info/sites/themimu.info/files/jobs/VA_0065_2026_Operations_Officer_Yangon_04062026.pdf,,,posted,2026-06-18T04:07:18.504852,389.0
45b65702ac38ad4a,https://themimu.info/sites/themimu.info/files/jobs/Community_Health_Facilitator_Job_Announcement_in_Myanmar_Peoples_Hope_Japan_20260604.pdf,,,posted,2026-06-18T04:07:20.310961,390.0
bc59183b0e4ff3b0,https://themimu.info/sites/themimu.info/files/jobs/VA_187_2026_Community_Coordinator_BagoEast_SCH_YRO.pdf,,,posted,2026-06-18T04:07:22.292485,391.0
c9be958b664e8254,https://themimu.info/sites/themimu.info/files/jobs/VA_186_2026_PC_Kayin_SCH_YRO.pdf,,,posted,2026-06-18T04:07:24.134909,392.0
1a3cb90a06fb7c03,https://themimu.info/sites/themimu.info/files/jobs/VA_185_2026_Community_Mobilizer_Kayin_Kawkareik_YRO.pdf,,,posted,2026-06-18T04:07:25.855828,393.0
d17e1da74d304156,https://themimu.info/sites/themimu.info/files/jobs/MRCS_VA._002_Finance_Officer_04-06-2026_to_18-06-2026_Kengtung.pdf,,,posted,2026-06-18T04:07:27.618786,394.0
d558598f7ad48dc1,https://themimu.info/sites/themimu.info/files/jobs/MRCS_VA._001_Night_Guard_04-06-2026_to_18-06-2026_Kengtung.pdf,,,posted,2026-06-18T04:07:29.268194,395.0
d16dd75ee7e957d0,https://themimu.info/sites/themimu.info/files/jobs/MSI_Center_In-Charge_Magway_18th_June_2026.pdf,,,posted,2026-06-18T04:07:30.967972,396.0
8a618424ea0b847d,https://themimu.info/sites/themimu.info/files/jobs/SCI_Sr._Safeguarding_OfficerSittwe_18_June_2026.pdf,,,posted,2026-06-18T04:07:32.709160,397.0
26f3e07a0e8de7e7,https://themimu.info/sites/themimu.info/files/jobs/260619_VA-Prevention-GF_CMO_24-26_YMT_Eng.pdf,,,posted,2026-06-18T04:07:34.331202,398.0
51816da9ce111da1,https://themimu.info/sites/themimu.info/files/jobs/017-Re-advertisement_-BS-Vacancy_announcement_for_Nurse-Counsellor_Mawlaik_Sagaing_Region.pdf,,,posted,2026-06-18T04:07:35.931173,399.0
a75f6cd4a74aee8f,https://themimu.info/sites/themimu.info/files/jobs/VA00017KYN_Senior_Medical_Officer_03062026.pdf,,,posted,2026-06-18T04:07:37.866428,400.0
8f9fbadd92a21d1c,https://themimu.info/sites/themimu.info/files/jobs/ToR_for_Proposal_Development_Consultant.pdf,,,posted,2026-06-18T04:07:39.678620,401.0
97a103ba645cb3ee,https://themimu.info/sites/themimu.info/files/jobs/Call_for_EOI_-_AdminHRFinance_Logistics_Guideline_Development.pdf,,,posted,2026-06-18T04:07:41.440383,402.0
d3beaaea365863b3,https://themimu.info/sites/themimu.info/files/jobs/Call_for_EOI_-_Governance_Guide_Development.pdf,,,posted,2026-06-18T04:07:43.504914,403.0
5ce2a2f79dfcddfc,https://themimu.info/sites/themimu.info/files/jobs/Call_for_EOI_-_MEAL_Guideline_Development.pdf,,,posted,2026-06-18T04:07:45.265285,404.0
dae5069b2b48d15c,https://themimu.info/sites/themimu.info/files/jobs/047-MEAL_Officer.pdf,,,posted,2026-06-18T04:07:47.024800,405.0
54232b4caa330b37,https://themimu.info/sites/themimu.info/files/jobs/048-MEAL_Assistant.pdf,,,posted,2026-06-18T04:07:48.913618,406.0
471c20bc00253365,https://themimu.info/sites/themimu.info/files/jobs/Finance_Officer32663_SIT_VA.pdf,,,skipped|empty title,2026-06-18T12:49:10.795600,
8c755d03ad3b1181,https://themimu.info/sites/themimu.info/files/jobs/Job_Announcement_for_Finance_Officer_June_2026.pdf,,,skipped|junk fragment title ('Summary'),2026-06-18T12:49:10.798845,
bc03261eb3b83e92,https://themimu.info/sites/themimu.info/files/jobs/Clinic_Team_Leader.pdf,,,posted,2026-06-18T12:51:34.280336,433.0
b8bf0619d64ebe83,https://themimu.info/sites/themimu.info/files/jobs/Re-Announce_VA-006_Project_Coordinator_Yangon_2July2026.pdf,,,posted,2026-06-18T12:51:35.744272,434.0
4bea3020ae3f9eb3,https://themimu.info/sites/themimu.info/files/jobs/2026.06_Assistant_Finance_Manager_Yangon_VA_Jun_2026.pdf,,,posted,2026-06-18T12:51:37.510661,435.0
65111cb2ceb1d20f,https://themimu.info/sites/themimu.info/files/jobs/Short-Term_Consultant_for_Irrigation_Activity.pdf,,,skipped|empty title,2026-06-18T12:50:08.402050,
01a5547170d10a08,https://themimu.info/sites/themimu.info/files/jobs/VA_Tdh-046-2026_SPARC_Project_Officer_TGO.pdf,,,posted,2026-06-18T12:51:39.094193,436.0
8f04b5ff626a129a,https://themimu.info/sites/themimu.info/files/jobs/-_Standard_JD_Template_Integrated_Marcooms_Manager_.pdf,,,skipped|empty title,2026-06-18T12:50:25.597804,
776b5e01e87fee1e,https://themimu.info/sites/themimu.info/files/jobs/MSI_Reproductive_Choices_Myanmar_Center_Nurse_Magway_2nd_July_2026.pdf,,,posted,2026-06-18T12:51:40.577282,437.0
b49c0a7676fbbdf6,https://themimu.info/sites/themimu.info/files/jobs/Job_Description_Associate_Curriculum_Design.pdf,,,posted,2026-06-18T12:51:42.186034,438.0
55aae24823bcbbe3,https://themimu.info/sites/themimu.info/files/jobs/VA_Engineer_YCDN_-_Copy.pdf,,,skipped|junk fragment title ('Summary'),2026-06-18T12:51:15.955277,
e0bde8c6507062f9,https://themimu.info/sites/themimu.info/files/jobs/ADRA_Myanmar_Job_Advertisement_Marketing_and_Livelihood_Assistant_Deadline_24_June_2026.pdf,,,posted,2026-06-18T12:51:43.809961,439.0
89f0e9bad6466ed0,https://themimu.info/sites/themimu.info/files/jobs/071_2026-_Announcement_for_Nurse_Meikhtila_LPK.pdf,,,posted,2026-06-19T03:48:46.325949,442.0
397b68fabc491cff,https://themimu.info/sites/themimu.info/files/jobs/Job_Description_Associate_Curriculum_Design_1.pdf,,,posted,2026-06-19T03:48:48.127089,443.0
afe691b90bc98e74,https://themimu.info/sites/themimu.info/files/jobs/MRCS_VA._081_Field_Officer_Nyaung_Shwe_18-6-2026_to_25-6-2026.pdf,,,posted,2026-06-19T03:48:50.171487,444.0
83785a37f08a5784,https://themimu.info/sites/themimu.info/files/jobs/06182026_VA_Health_Program_Coordinator.pdf,,,posted,2026-06-19T03:48:52.085208,445.0
27d65d459806a785,https://themimu.info/sites/themimu.info/files/jobs/VACANCY_RE-ANNOUNCEMENT_M_E_and_Data_Officer_.pdf,,,posted,2026-06-19T03:48:53.968830,446.0
93a8058cafa60d8e,https://themimu.info/sites/themimu.info/files/jobs/VA_-_ME_Officer.pdf,,,posted,2026-06-19T09:04:41.238589,447.0
84d9609cb674c223,https://themimu.info/sites/themimu.info/files/jobs/VACANCY_ANNOUNCEMENT_029_Senior_Field_Officer.pdf,,,posted,2026-06-19T09:04:43.064624,448.0
df9c602d43789654,https://themimu.info/sites/themimu.info/files/jobs/P035_CARE_IT_Intern_Yangon_30_June_2026_rolling.pdf,,,posted,2026-06-19T09:04:45.020036,449.0
37fc3c4b01a3dbfa,https://themimu.info/sites/themimu.info/files/jobs/P034_CARE_Health_Advisor_Yangon_30_June_2026_rolling.pdf,,,posted,2026-06-19T09:04:46.887787,450.0
ff542c13cd19ce0a,https://themimu.info/sites/themimu.info/files/jobs/TJO_279206_Programme_Assistant_SLT_Associate_G-6_Yangon_Myanmar.pdf,,,posted,2026-06-19T09:04:48.641486,451.0
176aab1765f022dd,https://themimu.info/sites/themimu.info/files/jobs/Internship_Announcement_Intern_June_2026.pdf,,,skipped|junk fragment title ('Details'),2026-06-19T13:32:35.992099,
2929d0e1c0105f58,https://themimu.info/sites/themimu.info/files/jobs/065-MEAL_Assistant.pdf,,,skipped|title has no letters ('1'),2026-06-19T13:32:35.995709,
47e416b5321a5750,https://themimu.info/sites/themimu.info/files/jobs/EOI_Call_for_Local_Climate_Actors_Grant_CRCI_Project-_061826_updated.pdf,,,skipped|empty title,2026-06-19T13:32:35.998126,
0a78ac5cf1128b98,https://themimu.info/sites/themimu.info/files/jobs/2026-004_Job_ID35014_Programme_Analyst_GBV_NOB_Mandalay_External.pdf,,,posted,2026-06-19T13:34:53.799200,452.0
52d4bdb7768e62f8,https://themimu.info/sites/themimu.info/files/jobs/Vacancy_Announcement_for_Finance_Coordinator_3.7.26.pdf,,,posted,2026-06-19T13:34:55.723661,453.0
2e4f2c1c8c0e868f,https://themimu.info/sites/themimu.info/files/jobs/Vacancy_Announcement_for_Technical_Coordinator_Livestock_3.7.26.pdf,,,posted,2026-06-19T13:34:57.949783,454.0
c2ffeb83a6ebfedc,https://themimu.info/sites/themimu.info/files/jobs/Vacancy_Announcement_for_Field_Account_Operations_3.7.26.pdf,,,posted,2026-06-19T13:34:59.867221,455.0
c16176f97dfc2c09,https://themimu.info/sites/themimu.info/files/jobs/Vacancy_Announcement_for_Field_Offficer_3.7.26.pdf,,,posted,2026-06-19T13:35:01.819182,456.0
1c69ad5148ead125,https://themimu.info/sites/themimu.info/files/jobs/064-Finance_Officer.pdf,,,skipped|title has no letters ('1'),2026-06-19T13:34:13.708773,
be8d63b5a787831a,https://themimu.info/sites/themimu.info/files/jobs/20260619_RKS_JOB_VACANCY_HR_OFF.pdf,,,posted,2026-06-19T13:35:03.976410,457.0
e09fb3911e540f18,https://themimu.info/sites/themimu.info/files/jobs/RFP_014_26_Consultancy_Industry_Endorse_Frameworks_SL.pdf,,,posted,2026-06-19T13:35:06.004355,458.0
4942b527163f9034,https://themimu.info/sites/themimu.info/files/jobs/RFP_013_26_Consultancy_Circular_Feed_Cases_Studies_SL.pdf,,,skipped|empty title,2026-06-19T13:34:51.918787,
b87f1b3444a55b2a,https://themimu.info/sites/themimu.info/files/jobs/VA_201_2026_Community_Mobilizer_Myitthar_SCH_MRO_update.pdf,,,skipped|title has no letters ('“ 1 ”'),2026-06-22T09:44:22.807749,
1f95a46433cc3f3e,https://themimu.info/sites/themimu.info/files/jobs/VA_204_2025_103_2026_Community_Mobilizer_Kayin_SCH_YRO.pdf,,,skipped|title has no letters ('“ 1 ”'),2026-06-22T09:44:22.811017,
82952cd963db58af,https://themimu.info/sites/themimu.info/files/jobs/VA_203_2026_OSO_Mdy_SCH_MRO.pdf,,,skipped|title has no letters ('“ 1 ”'),2026-06-22T09:44:22.814025,
2339283c2e926eb4,https://themimu.info/sites/themimu.info/files/jobs/VA_202_2026_Community_Mobilizer_Tatkone_SCH_MRO.pdf,,,skipped|title has no letters ('“ 1 ”'),2026-06-22T09:44:22.816994,
631bfff7d878dfa9,https://themimu.info/sites/themimu.info/files/jobs/Internship_Announcement_Intern_June_2026_1.pdf,,,skipped|junk fragment title ('Details'),2026-06-22T09:44:22.819928,
ebd6adff2e5ee1ee,https://themimu.info/sites/themimu.info/files/jobs/SCI-_Project_Assistant-Child_Protection_Assistant_26Jun2026.pdf,,,posted,2026-06-22T15:22:58.466271,459.0
4b801f73dfe6dce7,https://themimu.info/sites/themimu.info/files/jobs/Vacancy_Announcement_Operation_and_Resource_Management_Officer_MTA.pdf,,,skipped|empty title,2026-06-22T15:21:05.016675,
41b29455a6aa5118,https://themimu.info/sites/themimu.info/files/jobs/Vacancy_for_PM_June_2026.pdf,,,posted,2026-06-22T15:23:00.983447,460.0
f2de1513ad5d65a2,https://themimu.info/sites/themimu.info/files/jobs/Civil_Legal_Aid_lawyer_-_2026.pdf,,,skipped|empty title,2026-06-22T15:21:22.562549,
6e74ab88a5d2f123,https://themimu.info/sites/themimu.info/files/jobs/Assistant_Project_Officer_VA054-MMA-ASRH-2026.pdf,,,skipped|empty title,2026-06-22T15:21:22.565791,
71de24a5426b3b41,https://themimu.info/sites/themimu.info/files/jobs/VA1226-Finance_Manager.pdf,,,skipped|empty title,2026-06-22T15:21:22.568961,
06cad077e232bcc1,https://themimu.info/sites/themimu.info/files/jobs/June_2026CFMM_Project_CoordinatorVacancy_.pdf,,,posted,2026-06-22T15:23:03.496295,461.0
cf234d54a35f583b,https://themimu.info/sites/themimu.info/files/jobs/Finance_Assistant_2P_VA_Form.pdf,,,posted,2026-06-22T15:23:05.777682,462.0
96916883d03febe9,https://themimu.info/sites/themimu.info/files/jobs/Call_For_Proposal-TOT_Training_session-RISE_Project-final-Re-advertise.pdf,,,skipped|empty title,2026-06-22T15:22:19.605318,
5dea66c4415fbffd,https://themimu.info/sites/themimu.info/files/jobs/063-Re-advertisement_Vacancy_Announcement_for_Nurse-Counsellor_Shwegu_Kachin_State.pdf,,,posted,2026-06-22T15:23:07.984671,463.0
8e31697d6e99a5c7,https://themimu.info/sites/themimu.info/files/jobs/VA-013-2026_Data_Assistant_Updated.pdf,,,posted,2026-06-22T15:23:09.905783,464.0
6df4428bbbd72e5a,https://themimu.info/sites/themimu.info/files/jobs/RFP_016_26_Consultancy_for_Climate_Risk_Preparedness_-_CRAFT.pdf,,,posted,2026-06-22T19:25:28.559746,465.0
f0b9eacc04a3a724,https://themimu.info/sites/themimu.info/files/jobs/VA-070-2026_MO_NTP_End-TB.pdf,,,posted,2026-06-23T07:44:47.075570,466.0
a8898d5c6a0114a6,https://themimu.info/sites/themimu.info/files/jobs/NAG-HR-VA-2026-0008-FinanceAssistant_0.pdf,,,posted,2026-06-23T07:44:49.069141,467.0
ac03acabc67da3e5,https://themimu.info/sites/themimu.info/files/jobs/Call_For_Proposal-TOT_Training_session-RISE_Project-final-Re-advertise_0.pdf,,,skipped|empty title,2026-06-23T07:44:25.090614,
8680d86a07f72459,https://themimu.info/sites/themimu.info/files/jobs/NAG-HR-VA-2026-0007-Safety_and_Security_Assistant.pdf,,,posted,2026-06-23T07:44:50.812427,468.0
787562972daee2a8,https://themimu.info/sites/themimu.info/files/jobs/HR_N9_Terms_of_Reference_WASH_engineer_0.pdf,,,skipped|empty title,2026-06-23T07:44:45.287242,
e7cd66d2365bcbbb,https://themimu.info/sites/themimu.info/files/jobs/CDEMM_ResearchAssistant.pdf,,,posted,2026-06-23T11:00:55.772832,469.0
d6f5f8575a4251da,https://themimu.info/sites/themimu.info/files/jobs/Vacancy_Announcement_WASH_Officer_DWA_230626.pdf,,,posted,2026-06-23T11:00:57.865174,470.0
02d8f69d515f3acd,https://themimu.info/sites/themimu.info/files/jobs/11.001_MRCS_VA_Finance_Assistant_2_Taunggyi_-.pdf,,,posted,2026-06-23T11:01:00.223510,471.0
5507489161932db8,https://themimu.info/sites/themimu.info/files/jobs/SMTF-M_JDs_Vocational_Training_Support_OfficerVTSO.pdf,,,posted,2026-06-23T11:01:02.215314,472.0
b1c462f9b0b2d04d,https://themimu.info/sites/themimu.info/files/jobs/Project_PME_Officer_Vacancy_Announcement.pdf,,,posted,2026-06-23T11:01:04.738903,473.0
c085f8626e608023,https://themimu.info/sites/themimu.info/files/jobs/Job_Announcement_for_Finance_Officer_June_2026_1.pdf,,,skipped|junk fragment title ('Summary'),2026-06-23T11:00:12.942198,
26a07b817563bad7,https://themimu.info/sites/themimu.info/files/jobs/IELTS_Instructor_Position.pdf,,,posted,2026-06-23T11:01:06.579055,474.0
60b42da6a1042204,https://themimu.info/sites/themimu.info/files/jobs/Call_for_Trainee_Jacquard_Training_-_Mandalay_2026.pdf,,,skipped|empty title,2026-06-23T11:00:34.155571,
a0e348528841f0de,https://themimu.info/sites/themimu.info/files/jobs/Vacancy_Announcement_Finance_Officer_DWA_MIMU.pdf,,,posted,2026-06-23T11:01:08.793935,475.0
bef31452c738e8a8,https://themimu.info/sites/themimu.info/files/jobs/067-Grant_Partnerhip_CoordinatorMaternity_Leave_Cover_.pdf,,,skipped|title has no letters ('1'),2026-06-23T14:37:26.155086,
114c27817bdf55d0,https://themimu.info/sites/themimu.info/files/jobs/HR_N9_Terms_of_Reference_WASH_engineer.pdf,,,skipped|empty title,2026-06-23T14:37:26.159916,
cf588c9314a8c40e,https://themimu.info/sites/themimu.info/files/jobs/RFQ_015_26_Champion_Starter_Kit_Materials_SL.pdf,,,skipped|empty title,2026-06-24T07:36:21.411746,
cc66c3eb42c59e11,https://themimu.info/sites/themimu.info/files/jobs/066-MEAL_Assistant.pdf,,,skipped|title has no letters ('1'),2026-06-24T07:36:21.417958,
816e9c209681a871,https://themimu.info/sites/themimu.info/files/jobs/Program_Manager_Vacancy.pdf,,,posted,2026-06-24T07:39:47.108069,476.0
548fe5a0d12787bb,https://themimu.info/sites/themimu.info/files/jobs/Project_Officer_Vacancy.pdf,,,posted,2026-06-24T07:39:49.153877,477.0
fd4bbe8431de3e1e,https://themimu.info/sites/themimu.info/files/jobs/Vacancy_Announcement_Community_Facilitator_DWA_230626.pdf,,,posted,2026-06-24T07:39:51.234633,478.0
3f1e44f818a9f802,https://themimu.info/sites/themimu.info/files/jobs/Vacancy_Announcement_Logistics_Officer_DWA_230626.pdf,,,posted,2026-06-24T07:39:53.146104,479.0
b1e193495fd31c8c,https://themimu.info/sites/themimu.info/files/jobs/Vacancy_Announcement_MEAL_Officer_DWA_230626.pdf,,,posted,2026-06-24T07:39:55.174658,480.0
3af5cdf1066ea7f0,https://themimu.info/sites/themimu.info/files/jobs/Vacancy_Announcement_Project_Assistant_DWA_230626.pdf,,,posted,2026-06-24T07:39:57.066183,481.0
266531451f182129,https://themimu.info/sites/themimu.info/files/jobs/Vacancy_Announcement_Project_Officer_DWA_230626.pdf,,,posted,2026-06-24T07:39:59.248026,482.0
a2dd7d4a254342ac,https://themimu.info/sites/themimu.info/files/jobs/Vacancy_Announcement_Project_Manager_DWA_230626.pdf,,,posted,2026-06-24T07:40:01.461285,483.0
fe3526cdae873da4,https://themimu.info/sites/themimu.info/files/jobs/Peer_supervisor_Vaccancy.pdf,,,skipped|empty title,2026-06-24T07:39:03.595978,
e4e6f5fd9c8ad22f,https://themimu.info/sites/themimu.info/files/jobs/Peer_Education_Vaccancy.pdf,,,skipped|empty title,2026-06-24T07:39:03.599376,
615df76be0c3b3b3,https://themimu.info/sites/themimu.info/files/jobs/MRCS_VA.No_.082_Admin_Officer_23-6-2026_to_7-7-2026.pdf,,,posted,2026-06-24T07:40:03.430564,484.0
a2901691f7fb4bb5,https://themimu.info/sites/themimu.info/files/jobs/MRCS_VA._059.2_Nurse_23-6-2026_to_30-6-2026.pdf,,,posted,2026-06-24T07:40:05.294350,485.0
9555d26f74317cbb,https://themimu.info/sites/themimu.info/files/jobs/TOR_Facilitation_Skills_Training_Consultant.pdf,,,skipped|empty title,2026-06-24T10:44:52.086679,
a631ae37f4519b36,https://themimu.info/sites/themimu.info/files/jobs/017_06242026_PGK_Center_Operantion_Supervisor_Myaungmya.pdf,,,posted,2026-06-24T10:46:12.605352,486.0
e65f55b5c6c903d8,https://themimu.info/sites/themimu.info/files/jobs/VA-007-PC_Multiple_IHN_Reannouncement_July.pdf,,,posted,2026-06-24T10:46:14.503320,487.0
2b455fba7218f12f,https://themimu.info/sites/themimu.info/files/jobs/VA-011-2026_CM_Multiple_IHN_Reannouncement_July_2026.pdf,,,skipped|empty title,2026-06-24T10:45:26.509218,
f30316909d4e4eb6,https://themimu.info/sites/themimu.info/files/jobs/VN0360626_CARE_Project_Manager_Yangon_7_July_2026_rolling.pdf,,,posted,2026-06-24T10:46:16.332218,488.0
29e644280e4be86b,https://themimu.info/sites/themimu.info/files/jobs/MSI_Center_In-Charge_Pathein_Re_announce_7th_July_2026.pdf,,,posted,2026-06-24T10:46:18.129183,489.0
9c07c529d3807c00,https://themimu.info/sites/themimu.info/files/jobs/SCI_Program_Officer_Technical_Support_Edu-Magway8July26.pdf,,,posted,2026-06-24T14:16:31.910183,490.0
9de1b4def795eefb,https://themimu.info/sites/themimu.info/files/jobs/068-Finance_Officer.pdf,,,skipped|title has no letters ('1'),2026-06-24T14:16:30.372702,
013d898973b7fe55,https://themimu.info/sites/themimu.info/files/jobs/MRCS_VA._076.1_Field_Officer_WASH_Nyaung_Shwe_24-6-2026_to_1-7-2026.pdf,,,posted,2026-06-25T02:45:51.590521,491.0
e1ec0fce504d9260,https://themimu.info/sites/themimu.info/files/jobs/HR_N9_Terms_of_Reference_Consultant_WASH_engineer_V2.pdf,,,skipped|empty title,2026-06-25T02:45:50.060525,
0f202e8ec711e142,https://themimu.info/sites/themimu.info/files/jobs/VA-PBL_Expert_Tutor_23626.pdf,,,posted,2026-06-25T07:39:36.959997,493.0
e00a2b587f2414da,https://themimu.info/sites/themimu.info/files/jobs/VA-_Assistant_Lecturer_English_2362026.pdf,,,posted,2026-06-25T07:39:38.717061,494.0
efecca6f2a2dff71,https://themimu.info/sites/themimu.info/files/jobs/JD_-_Risk_and_Compliance_Manager_-_June_2026.pdf,,,posted,2026-06-25T07:39:40.557150,495.0
4108157e35066b6b,https://themimu.info/sites/themimu.info/files/jobs/2._JD_-_Program_Manager_II_-_Engineering_MMR.pdf,,,posted,2026-06-25T07:39:42.305300,496.0
4e372ba18bacb57b,https://themimu.info/sites/themimu.info/files/jobs/MC_VA_0110626_MEL_and_Com_Officer_SL_0.pdf,,,posted,2026-06-25T10:38:28.355105,497.0
ff67786a03866683,https://themimu.info/sites/themimu.info/files/jobs/065-Re-advertisement_Vacancy_Announcement_for_Nurse-Counsellor_Kale_Sagaing_Region.pdf,,,posted,2026-06-25T14:16:04.410048,498.0
543cd3cf66a8b048,https://themimu.info/sites/themimu.info/files/jobs/064-Vacancy_Announcement_for_Medical_Coordinator_Mawlaik_Sagaing_Region.pdf,,,posted,2026-06-25T14:16:06.303444,499.0
eeca3f36c10bf46c,https://themimu.info/sites/themimu.info/files/jobs/Head_of_English_and_School_Education.pdf,,,skipped|empty title,2026-06-25T14:15:33.700422,
6a7c0e1344cc855b,https://themimu.info/sites/themimu.info/files/jobs/Admin_Finance_position_NS.pdf,,,posted,2026-06-25T14:16:08.209104,500.0
3f2b2cd4af294817,https://themimu.info/sites/themimu.info/files/jobs/Log_position_NYU.pdf,,,posted,2026-06-25T14:16:10.057485,501.0
a3b0101fe09d1c26,https://themimu.info/sites/themimu.info/files/jobs/VA_0068_2026_Medical_Doctor_Kachin_25062026.pdf,,,skipped|junk fragment title ('As soon as possible'),2026-06-25T14:16:02.438992,
cc0fc539f2f7fb0c,https://themimu.info/sites/themimu.info/files/jobs/VA_WEC_Field_Officer_Short_Term_Position.pdf,,,skipped|empty title,2026-06-25T14:16:02.443076,
3fcf929a4cc70f4c,https://themimu.info/sites/themimu.info/files/jobs/VN0360626_CARE_Project_Manager_Yangon_7_July_2026_rolling_0.pdf,,,posted,2026-06-26T07:47:02.833122,502.0
998de7a77ce35103,https://themimu.info/sites/themimu.info/files/jobs/HR_Senior_Officer.pdf,,,posted,2026-06-26T07:47:04.850963,503.0
914781533bf57595,https://themimu.info/sites/themimu.info/files/jobs/MRCS_VA_for_Finance_Officer_25-6-2026_to_2-7-2026__0.pdf,,,posted,2026-06-26T07:47:06.833356,504.0
b941f5777d190b5d,https://themimu.info/sites/themimu.info/files/jobs/Oxfam_Finance_Officer_Maternity_Cover_9_July_2026_0.pdf,,,posted,2026-06-26T07:47:08.755653,505.0
ab1774caf3c48c08,https://themimu.info/sites/themimu.info/files/jobs/PIM_JA_RMM_YGN.pdf,,,posted,2026-06-26T10:49:36.353233,506.0
929ff3fbde7d1364,https://themimu.info/sites/themimu.info/files/jobs/Project_Manager_TdH_Nutrition_18-May-2025.pdf,,,posted,2026-06-26T10:49:38.292879,507.0
63e244c56bd627b0,https://themimu.info/sites/themimu.info/files/jobs/WASH_Engineer_Civil_MDY_1.pdf,,,skipped|empty title,2026-06-26T10:48:00.692595,
89edf1bc3fd6db17,https://themimu.info/sites/themimu.info/files/jobs/26.6.2026_CFMM_CFN_Vacancy_Finance_Officer.pdf,,,posted,2026-06-26T10:49:40.280218,508.0
0d68504fff1d04e1,https://themimu.info/sites/themimu.info/files/jobs/Job_Announcement_for_Program_Manager_MYS_June_2026.pdf,,,posted,2026-06-26T10:49:42.079684,509.0
0d4fe601153d9a67,https://themimu.info/sites/themimu.info/files/jobs/VA04026_Finance_Assistant_Sagaing_Region.pdf,,,posted,2026-06-26T10:49:43.909241,510.0
dfafbc4aab36dc80,https://themimu.info/sites/themimu.info/files/jobs/Finance_and_Admin_Officer_HPA_2026_Jun.pdf,,,skipped|empty title,2026-06-26T10:48:56.166939,
d27a8a5238d4a327,https://themimu.info/sites/themimu.info/files/jobs/VN0370626_CARE_Safety_and_Security_Officer_Yangon_10_July_2027_rolling.pdf,,,posted,2026-06-26T10:49:45.807929,511.0
4b7e7f838c0db44d,https://themimu.info/sites/themimu.info/files/jobs/VNR0380626_CARE_Safer_Programming_Specialist_YGN_10_July_2027_rolling.pdf,,,posted,2026-06-26T10:49:47.582066,512.0
0750ac7860f7178c,https://themimu.info/sites/themimu.info/files/jobs/071-_Junior_Program_Officer.pdf,,,posted,2026-06-26T14:15:22.121334,513.0
c818033c7c55dfc1,https://themimu.info/sites/themimu.info/files/jobs/070-Program_Manager.pdf,,,posted,2026-06-26T14:15:24.053820,514.0
7ce42bc71a97e534,https://themimu.info/sites/themimu.info/files/jobs/018-Deputy_Manager-GrantPartnership_Re-Announcement_.pdf,,,skipped|title has no letters ('1'),2026-06-26T14:13:51.506116,
5f2721bc4871ebdf,https://themimu.info/sites/themimu.info/files/jobs/260626_Field_Finance_Officer.pdf,,,posted,2026-06-26T14:15:26.196300,515.0
4a53cc9002673eca,https://themimu.info/sites/themimu.info/files/jobs/VA-2026-HI-019_A_Finance_Officer_Yangon_Re-advertisement.pdf,,,posted,2026-06-26T14:15:28.314136,516.0
afd71bf30b936e62,https://themimu.info/sites/themimu.info/files/jobs/Virutal_KPSC_staff_Medical_Officer.pdf,,,posted,2026-06-26T14:15:30.558111,517.0
01538d04f15ec1ef,https://themimu.info/sites/themimu.info/files/jobs/Virutal_KPSC_staff_online_counselor.pdf,,,posted,2026-06-26T14:15:32.515674,518.0
2e4b9abbbca825c2,https://themimu.info/sites/themimu.info/files/jobs/Virutal_KPSC_staff_social_media_officer.pdf,,,posted,2026-06-26T14:15:34.397841,519.0
95541d079f6637a8,https://themimu.info/sites/themimu.info/files/jobs/26.6.2026_CFN_Vacancy_Finance_Officer.pdf,,,posted,2026-06-28T23:16:06.807045,520.0
71cbed65c6c1c3fe,https://themimu.info/sites/themimu.info/files/jobs/VA_210_2026_Jr_Program_Support_Officer_SCH_MRO.pdf,,,skipped|title has no letters ('“1”'),2026-06-28T23:16:05.349416,
59012844d9d80f17,https://themimu.info/sites/themimu.info/files/jobs/VA_209_2026_TKD_Consultant_NHQ_SCH.pdf,,,skipped|title has no letters ('“1”'),2026-06-28T23:16:05.353253,
c6e68db0313bae64,https://themimu.info/sites/themimu.info/files/jobs/VA_208_2026_QI_Consultant_NHQ_SCH.pdf,,,skipped|title has no letters ('“1”'),2026-06-28T23:16:05.357826,
5c8a28e794f7d402,https://themimu.info/sites/themimu.info/files/jobs/VA_207_2026_Finance_Assistant_SCH_NHQ.pdf,,,skipped|title has no letters ('“1”'),2026-06-28T23:16:05.363860,
50f0d19c7e6777b4,https://themimu.info/sites/themimu.info/files/jobs/MSI_Team_Leader_Loilen_13th_July_2026.pdf,,,posted,2026-06-29T08:54:46.363026,521.0
a18a8d365b9e4b56,https://themimu.info/sites/themimu.info/files/jobs/SP26062901_Humanitarian_Affairs_Officer_13.07.2026.pdf,,,posted,2026-06-29T08:54:48.240516,522.0
cda3de3cb9d244f9,https://themimu.info/sites/themimu.info/files/jobs/VA_0069_2026_Counselor_Yangon_29062026.pdf,,,skipped|junk fragment title ('As soon as possible'),2026-06-29T08:54:44.598709,
b65627fac803e153,https://themimu.info/sites/themimu.info/files/jobs/VA_0068_2026_Medical_Doctor_Kachin_25062026_0.pdf,,,skipped|junk fragment title ('As soon as possible'),2026-06-29T08:54:44.603387,
0fb3704fc3645ea9,https://themimu.info/sites/themimu.info/files/jobs/072-_Human_Resources_Officer.pdf,,,posted,2026-06-29T14:01:24.694617,523.0
1941c9714d080be7,https://themimu.info/sites/themimu.info/files/jobs/MRCS_VA._084_Field_Assistant_Operation_Support_Officer_Nyaung_Shwe_29-6-2026_to_6-7-2026.pdf,,,posted,2026-06-29T18:08:11.053026,524.0
48cd4d902f4470ef,https://themimu.info/sites/themimu.info/files/jobs/ADRA_Myanmar_Job_Re-dvertisement_Livelihoods_and_Cash_Program_Specialist_Yangon_Deadline_15-Jul-2026.pdf,,,posted,2026-06-29T18:08:13.048252,525.0
3cda2bddbc0e6399,https://themimu.info/sites/themimu.info/files/jobs/MRCS_VA_No.083_Clerk_-_1_29-6-2026_to_13-7-2026.pdf,,,skipped|empty title,2026-06-29T18:06:56.600727,
8faaba30198bb429,https://themimu.info/sites/themimu.info/files/jobs/VA-Finance_Officer.pdf,,,posted,2026-06-29T18:08:15.014886,526.0
ae381c13aee19e2a,https://themimu.info/sites/themimu.info/files/jobs/PPWT_Terms_of_Reference_for_ME_Consultant_.pdf,,,skipped|empty title,2026-06-29T18:07:15.558073,
21a4ed3f4e7878de,https://themimu.info/sites/themimu.info/files/jobs/260626_Field_Finance_Officer_0.pdf,,,posted,2026-06-29T18:08:16.742207,527.0
00231745859b568d,https://themimu.info/sites/themimu.info/files/jobs/VRA_Tdh-033-2026_WASH_Project_Assistant_TGO.pdf,,,posted,2026-06-29T18:08:18.604267,528.0
9ab2b2eebd611de9,https://themimu.info/sites/themimu.info/files/jobs/066-Vacancy_Announcement_for_Nurse_MMT-ART_Nant_Taw_Sagaing_Region.pdf,,,posted,2026-06-29T18:08:20.322710,529.0
5ef2b676f20075a0,https://themimu.info/sites/themimu.info/files/jobs/064-Finance_Officer_Re-Announcement_.pdf,,,skipped|title has no letters ('1'),2026-06-30T07:49:32.129029,
84fce793ec270a99,https://themimu.info/sites/themimu.info/files/jobs/NSS-VA-DRC-Guard-30June2026_0.pdf,,,posted,2026-06-30T07:50:11.542228,530.0
a24acdf0e20e297d,https://themimu.info/sites/themimu.info/files/jobs/Solar_Engineer_ReAnnouncement_SENTRUM.pdf,,,posted,2026-06-30T07:50:14.169832,531.0
927b0571c5087398,https://themimu.info/sites/themimu.info/files/jobs/SVNMM020_Security_Guard-Yangon.pdf,,,posted,2026-06-30T10:58:27.180109,532.0
508b695e3b850f65,https://themimu.info/sites/themimu.info/files/jobs/MSI_Team_Leader_Kunhing_14th_July_2026.pdf,,,posted,2026-06-30T10:58:30.215025,533.0
58312f08b41bc669,https://themimu.info/sites/themimu.info/files/jobs/MSI_Reproductive_Choices_Myanmar_Community_Facilitator_7th_July_2026.pdf,,,posted,2026-06-30T10:58:32.458381,534.0
74873b238152d913,https://themimu.info/sites/themimu.info/files/jobs/MSI_Reproductive_Choices_Myanmar_CSE_Training_Consultant.pdf,,,posted,2026-06-30T10:58:35.395681,535.0
e1cd64c25d79ce7e,https://themimu.info/sites/themimu.info/files/jobs/MSI_Reproductive_Choices_Myanmar_Assistant_Project_Manager_7th_July_2026.pdf,,,posted,2026-06-30T10:58:37.747639,536.0
00b3cfecceb9046d,https://themimu.info/sites/themimu.info/files/jobs/MSI_Reproductive_Choices_Myanmar_Sr._PO.pdf,,,posted,2026-06-30T10:58:40.166379,537.0
210d636f3f414d28,https://themimu.info/sites/themimu.info/files/jobs/2026_06_JD_cashier_MTL.pdf,,,posted,2026-06-30T10:58:42.330025,538.0
80412e303fe915b2,https://themimu.info/sites/themimu.info/files/jobs/2026_06_JD_cashier_YGN.pdf,,,posted,2026-06-30T10:58:44.467224,539.0
5a03c4c328cc9954,https://themimu.info/sites/themimu.info/files/jobs/VA_0070_2026_Referral_Coordinator_Naga_29062026.pdf,,,skipped|junk fragment title ('As soon as possible'),2026-06-30T10:56:41.885199,
945fd8fbdbaf57d4,https://themimu.info/sites/themimu.info/files/jobs/Market_Development_Coordinator_ENABLE_Project.pdf,,,posted,2026-06-30T10:58:46.486565,540.0
27efeaf1ebf31da1,https://themimu.info/sites/themimu.info/files/jobs/Innovation_Officer_ENABLE_Project.pdf,,,posted,2026-06-30T10:58:48.953316,541.0
1316edf5b0b61185,https://themimu.info/sites/themimu.info/files/jobs/WHH_VA_Emergency_Coordinator_Yangon.pdf,,,posted,2026-06-30T10:58:51.159716,542.0
bff6d7d79b5f509f,https://themimu.info/sites/themimu.info/files/jobs/VA_Tdh-049-2026_Log_Logistics_Officer_MDY.pdf,,,posted,2026-06-30T10:58:53.615647,543.0
7e7c79992c855b04,https://themimu.info/sites/themimu.info/files/jobs/2026.06.24_Compliance_Manager.pdf,,,posted,2026-06-30T10:58:55.640308,544.0
51980c46ef366248,https://themimu.info/sites/themimu.info/files/jobs/202607_COO_JVA_MEAL_Coordinator.pdf,,,posted,2026-06-30T14:08:08.650949,545.0
d264ea73d702b459,https://themimu.info/sites/themimu.info/files/jobs/VA_218_2026_Lab_Technician_SCH_YRO_0.pdf,,,skipped|title has no letters ('“ 1 ”'),2026-07-01T08:07:25.727879,
a327c6366c40e164,https://themimu.info/sites/themimu.info/files/jobs/VA217_2026_Medical_Assistant_SCH_MRO.pdf,,,skipped|title has no letters ('“ 3 ”'),2026-07-01T08:07:25.732785,
0a079156ac0ccd8f,https://themimu.info/sites/themimu.info/files/jobs/VA_216_2026_Community_Mobilizer_Sagaing_SCH_MRO.pdf,,,skipped|title has no letters ('“ 1 ”'),2026-07-01T08:07:25.736851,
0c42a89899dfadec,https://themimu.info/sites/themimu.info/files/jobs/VA_215_2026_Community_Mobilizer_Monywa_SCH_MRO.pdf,,,skipped|title has no letters ('“ 1 ”'),2026-07-01T08:07:25.740817,
e12e27a9c00be2bb,https://themimu.info/sites/themimu.info/files/jobs/VA_214_2026_Community_Coordinator_Katha_MRO.pdf,,,skipped|title has no letters ('“ 1 ”'),2026-07-01T08:07:25.744806,
5ee1f1fdf3460370,https://themimu.info/sites/themimu.info/files/jobs/VA_213_2026_Community_Coordinator_Magway_SCH_MRO.pdf,,,skipped|title has no letters ('“ 1 ”'),2026-07-01T08:07:25.748841,
fe9ee12142eb6f19,https://themimu.info/sites/themimu.info/files/jobs/VA_212-2026_Private_Sector_Engagement_Officer_SCH_PMO.pdf,,,skipped|title has no letters ('“1”'),2026-07-01T08:07:25.752825,
eafd6baf6c177c2b,https://themimu.info/sites/themimu.info/files/jobs/VA_0071_2026_X-Ray_Technician_Naga_29062026.pdf,,,skipped|junk fragment title ('As soon as possible'),2026-07-01T08:07:25.756766,
572bb1408c5f172c,https://themimu.info/sites/themimu.info/files/jobs/Procurement_Notice.pdf,,,skipped|empty title,2026-07-01T08:07:25.760700,
4d1b6013c1d532b4,https://themimu.info/sites/themimu.info/files/jobs/018-06302026_PGK_Program_Assistant_Yangon_CSS.pdf,,,posted,2026-07-01T08:07:41.679596,546.0
f72e4b89235d6e13,https://themimu.info/sites/themimu.info/files/jobs/IRC_JR00004008_Finance_Officer_MIB_DL_14_July26_0.pdf,,,posted,2026-07-01T12:35:09.022408,547.0
b06d4b8dd92d474b,https://themimu.info/sites/themimu.info/files/jobs/Call_for_Consultancy_Junior_Consultant_0.pdf,,,skipped|empty title,2026-07-01T12:31:51.476409,
b52297932b4061cb,https://themimu.info/sites/themimu.info/files/jobs/20260701_FCA_Job_Opportunity_Finance_Coordinator_Reporting.pdf,,,posted,2026-07-01T12:35:10.960318,548.0
975f4ae0ec4c04d5,https://themimu.info/sites/themimu.info/files/jobs/SDF_Finance_Officer_13.7.2026.pdf,,,posted,2026-07-01T12:35:13.038182,549.0
58de876f8088ec7c,https://themimu.info/sites/themimu.info/files/jobs/BCGE_Technical_Assistant_VA010726.pdf,,,posted,2026-07-01T12:35:15.539123,550.0
6c466e9cbe1e4b29,https://themimu.info/sites/themimu.info/files/jobs/Project_Officer-SECE_ProjectJuly2026_0.pdf,,,skipped|junk fragment title ('ASAP'),2026-07-01T12:32:54.369184,
1ca84f54bcc2a2c6,https://themimu.info/sites/themimu.info/files/jobs/Hiring_for_HR-Manager_BH.pdf,,,posted,2026-07-01T12:35:17.734016,551.0
54a8d28a96b83e10,https://themimu.info/sites/themimu.info/files/jobs/VA-024_X_Ray-Tech_Dawei_End_TB_Reannoumcement_31_July_2026.pdf,,,posted,2026-07-01T12:35:19.969578,552.0
25850579e6cfba63,https://themimu.info/sites/themimu.info/files/jobs/IRC_JR00004006_Protection_Information_Officer_HPN_DL_14_July26.pdf,,,posted,2026-07-01T12:35:22.212684,553.0
1d28c2086acfbfe5,https://themimu.info/sites/themimu.info/files/jobs/202607_RKS_C1_JVA_SLA_M_RKS_FC_ADM.pdf,,,posted,2026-07-01T12:35:24.832005,554.0
85109c6f51f334d5,https://themimu.info/sites/themimu.info/files/jobs/VA_JR00003578_Access_Safety_Security_Officer_Yangon_DL_31_July26_0.pdf,,,posted,2026-07-01T12:35:26.874151,555.0
b0da131e550fd19e,https://themimu.info/sites/themimu.info/files/jobs/060-Human_Resource_Assistant_Part_Time_-_Re-Announcement.pdf,,,posted,2026-07-01T12:35:29.153659,556.0
a6a62ca09670eba9,https://themimu.info/sites/themimu.info/files/jobs/Vacancy_for_Secretary_to_the_Political_Press_and_Information_Section.pdf,,,posted,2026-07-01T12:35:30.980737,557.0
3fd936b7eb666f79,https://themimu.info/sites/themimu.info/files/jobs/Vacancy_announcement_MEAL_Officer_-_Northwest.pdf,,,posted,2026-07-01T12:35:32.859732,558.0
b816a96032c6fbb5,https://themimu.info/sites/themimu.info/files/jobs/IRC_VA_JR00004029_Information_Management_Manager_Yangon_DL_21_July26.pdf,,,posted,2026-07-02T07:27:38.775869,559.0
d5c3d92267b8470b,https://themimu.info/sites/themimu.info/files/jobs/IRC_VA_JR00004028_Content_Development_Manager_Yangon_DL_16_July26.pdf,,,posted,2026-07-02T07:27:40.781699,560.0
c9ba6c7f708e603f,https://themimu.info/sites/themimu.info/files/jobs/IRC_VA_JR00004027_Senior_Project_Manager_YGN_DL_16_July26.pdf,,,posted,2026-07-02T07:27:42.755057,561.0
05e346789c3a8cba,https://themimu.info/sites/themimu.info/files/jobs/Oxfam_Senior_Programme_Manager_Enterprise_Development_and_Innovation_14_Jul_2026.pdf,,,posted,2026-07-02T07:27:44.630388,562.0
6bc226e26d7e2431,https://themimu.info/sites/themimu.info/files/jobs/01072026_MTA_Vacancy_Final_Finance_Officer.pdf,,,skipped|empty title,2026-07-02T07:27:18.412899,
37e5d10e1d817c1c,https://themimu.info/sites/themimu.info/files/jobs/01.07.2026_PO_Announcement.pdf,,,posted,2026-07-02T07:27:46.503174,563.0
5a5db82ba8257333,https://themimu.info/sites/themimu.info/files/jobs/July-2026_CFN_PC_Vacancy.pdf,,,posted,2026-07-02T10:35:00.315815,564.0
b2bb31371983063a,https://themimu.info/sites/themimu.info/files/jobs/MEAL_Officer_MEALO_-_Job_Announcement.pdf,,,posted,2026-07-02T10:35:02.648280,565.0
3af5f0e331f5f1b6,https://themimu.info/sites/themimu.info/files/jobs/JVR202615_FSL_Program_Manager.pdf,,,posted,2026-07-02T10:35:04.612326,566.0
95e7b72f6d294588,https://themimu.info/sites/themimu.info/files/jobs/YGN-VA-DRC-FinanceManager-2July2026.pdf,,,posted,2026-07-02T10:35:06.515087,567.0
c9a051e857880656,https://themimu.info/sites/themimu.info/files/jobs/VA-030-2026_Medical_Officer_Field-based_Resource-limited_Setting_ACE-KKM_Reannouncement_July.pdf,,,posted,2026-07-02T10:35:08.510652,568.0
892cdb4ed1e71add,https://themimu.info/sites/themimu.info/files/jobs/VA_Tdh-051_2026_Health_and_Nutrition_MEAL_Officer_MDY.pdf,,,posted,2026-07-02T10:35:10.482098,569.0
b5d5075db39c6a72,https://themimu.info/sites/themimu.info/files/jobs/Public_Outreach_Education_Coordinator_2026.pdf,,,skipped|empty title,2026-07-03T06:58:08.723763,
d3e392d1a8667278,https://themimu.info/sites/themimu.info/files/jobs/Public_Outreach_Education_Manager_2026_0.pdf,,,skipped|empty title,2026-07-03T06:58:08.726990,
545e0186bdaa9a44,https://themimu.info/sites/themimu.info/files/jobs/Public_Outreach_Education_Manager_2026.pdf,,,skipped|empty title,2026-07-03T06:58:08.730040,
b4c564f5792e38f7,https://themimu.info/sites/themimu.info/files/jobs/Demand_GeneratorKayin-_Jul-26.pdf,,,failed|wp_post_failed,2026-07-03T06:59:36.021231,
5aa02944d75513f0,https://themimu.info/sites/themimu.info/files/jobs/VA_Project_Officer-GBV_Myitkyina_0092026.pdf,,,failed|wp_post_failed,2026-07-03T06:59:36.568252,
a9c5157eeb072cf1,https://themimu.info/sites/themimu.info/files/jobs/Teacher_Trainer-26.pdf,,,failed|wp_post_failed,2026-07-03T06:59:37.104409,
713cb5e10ba450a6,https://themimu.info/sites/themimu.info/files/jobs/Assistant_Teacher_Trainer-26.pdf,,,failed|wp_post_failed,2026-07-03T06:59:37.649648,
b41d4ad9c6da2ca8,https://themimu.info/sites/themimu.info/files/jobs/VA-2026-HI-022_Accountant_Mandalay.pdf,,,failed|wp_post_failed,2026-07-03T06:59:38.169006,
6065fb3baaecb3b4,https://themimu.info/sites/themimu.info/files/jobs/PIM_JA_CDA_MKN.pdf,,,posted,2026-07-03T10:33:48.214695,570.0
bceb173c44a14784,https://themimu.info/sites/themimu.info/files/jobs/010_SARA_VA_MO_MKN.pdf,,,posted,2026-07-03T10:33:49.989918,571.0
e5cb8d655ec09b94,https://themimu.info/sites/themimu.info/files/jobs/009_SARA_VA_CW_MKN.pdf,,,posted,2026-07-03T10:33:52.075497,572.0
d44ef0814576732e,https://themimu.info/sites/themimu.info/files/jobs/MTSTM_Mobile_Nurse_Counsellor_Supervisor_TB_HIV_Prevention_Project_JD.pdf,,,posted,2026-07-03T10:33:54.367114,573.0
fb67e01b49f151ec,https://themimu.info/sites/themimu.info/files/jobs/MTSTM_Mobile_Medical_Officer_TB_HIV_Prevention_Project_JD.pdf,,,posted,2026-07-03T10:33:56.019493,574.0
cd3741b9e5a67409,https://themimu.info/sites/themimu.info/files/jobs/20260703_FCA_Job_Opportunity_Finance_Officer.pdf,,,posted,2026-07-03T10:33:57.729436,575.0
9f22c4e52f0003ee,https://themimu.info/sites/themimu.info/files/jobs/Technical_Officer_Agronomist.pdf,,,posted,2026-07-03T10:33:59.495490,576.0
d3a1995bc9d14b1e,https://themimu.info/sites/themimu.info/files/jobs/VA-Project_officer_Yangon.pdf,,,posted,2026-07-03T10:34:01.215008,577.0
d37b9259779ba364,https://themimu.info/sites/themimu.info/files/jobs/Vacancy_Announcement_for_Field_Offficer_17.7.26.pdf,,,posted,2026-07-03T10:34:02.983854,578.0
e6b844b3a0e8c1cc,https://themimu.info/sites/themimu.info/files/jobs/Internal_Auditor_Negotiable.pdf,,,skipped|junk fragment title ('Purpose'),2026-07-03T10:33:15.343345,
bd7c96bbb1be3029,https://themimu.info/sites/themimu.info/files/jobs/Vacancy_Announcement_for_DM_S_EPM_17.7.26.pdf,,,posted,2026-07-03T10:34:04.561508,579.0
6412a6d606d3ea92,https://themimu.info/sites/themimu.info/files/jobs/VA-010-MEC_YGN_IHN_Reannouncement.pdf,,,posted,2026-07-03T10:34:06.039650,580.0
8f235f5382e825ed,https://themimu.info/sites/themimu.info/files/jobs/074-Data_Assistant.pdf,,,posted,2026-07-06T08:23:49.558529,581.0
9c2fcb3bd21116c4,https://themimu.info/sites/themimu.info/files/jobs/VA045_Trainer_for_Education_Training_072026.pdf,,,posted,2026-07-06T08:23:51.720661,582.0
1be19213c278d1b0,https://themimu.info/sites/themimu.info/files/jobs/VA044_Project_Coordinator_Protection_072026.pdf,,,posted,2026-07-06T08:23:54.318524,583.0
51bb3f5d6bebc7ec,https://themimu.info/sites/themimu.info/files/jobs/VA043_Project_Coordinator_Education_072026.pdf,,,posted,2026-07-06T08:23:57.045053,584.0
3fb7751254bd0bf9,https://themimu.info/sites/themimu.info/files/jobs/VA042_Project_Coordinator_WASH_072026.pdf,,,posted,2026-07-06T08:23:59.332404,585.0
caca6ca9aea2ee99,https://themimu.info/sites/themimu.info/files/jobs/VA041_Medical_Coordinator_072026.pdf,,,posted,2026-07-06T08:24:01.714242,586.0
8084b82bc55cdde8,https://themimu.info/sites/themimu.info/files/jobs/VA040_Project_Officer_Protection_072026.pdf,,,posted,2026-07-06T08:24:04.461059,587.0
c98bcc42d2d68339,https://themimu.info/sites/themimu.info/files/jobs/VA039_Project_Officer_Health_Nutrition_072026.pdf,,,posted,2026-07-06T08:24:07.218476,588.0
6b268dca927caa37,https://themimu.info/sites/themimu.info/files/jobs/VA038_Project_Officer_Nurse_072026.pdf,,,posted,2026-07-06T08:24:09.607232,589.0
3ce3908140ad6412,https://themimu.info/sites/themimu.info/files/jobs/VA037_Project_Officer_Food_Security_072026.pdf,,,posted,2026-07-06T08:24:12.029154,590.0
c7ee4c6d57153a42,https://themimu.info/sites/themimu.info/files/jobs/VA036_Project_Officer_Engineer_072026.pdf,,,posted,2026-07-06T08:24:14.891639,591.0
8fba495ed190c287,https://themimu.info/sites/themimu.info/files/jobs/VA035_Project_Officer_WASH_072026.pdf,,,posted,2026-07-06T08:24:16.871059,592.0
6a5c7d743b198c3f,https://themimu.info/sites/themimu.info/files/jobs/VA034_Project_Officer_Education_072026.pdf,,,posted,2026-07-06T08:24:19.434307,593.0
e895f9b7d4b643e8,https://themimu.info/sites/themimu.info/files/jobs/VA033_Project_Assistant_Food_Security_072026.pdf,,,posted,2026-07-06T08:24:21.778969,594.0
c73b1ff04f344d68,https://themimu.info/sites/themimu.info/files/jobs/VA032_Project_Assistant_Protection_072026.pdf,,,posted,2026-07-06T08:24:24.032767,595.0
b885709f4744b96e,https://themimu.info/sites/themimu.info/files/jobs/VA031_Project_Assistant_WASH_072026.pdf,,,posted,2026-07-06T08:24:26.019340,596.0
1b6e7c91d8f0db4b,https://themimu.info/sites/themimu.info/files/jobs/VA030_Project_Assistant_Education_072026.pdf,,,posted,2026-07-06T08:24:28.402812,597.0
25c13ad5caaf7f7c,https://themimu.info/sites/themimu.info/files/jobs/VA029_Finance_Officer_072026.pdf,,,posted,2026-07-06T08:24:30.011516,598.0
c036778cd051af84,https://themimu.info/sites/themimu.info/files/jobs/Junior_Research_Fellow_Internship_Call.pdf,,,posted,2026-07-06T08:24:32.422973,599.0
7fa4ff726b3d037e,https://themimu.info/sites/themimu.info/files/jobs/Research_Assistant_Internship_Call.pdf,,,posted,2026-07-06T08:24:34.628196,600.0
a2aefff165701ca2,https://themimu.info/sites/themimu.info/files/jobs/MRCS_VA._030.7.25_Medical_Doctor_Coordinator_3-7-2026_to_17-7-2026.pdf,,,posted,2026-07-06T08:24:37.357259,601.0
d01b0450dc2a2379,https://themimu.info/sites/themimu.info/files/jobs/MRCS_VA._059.3_Nurse_3-7-2026_to_10-7-2026.pdf,,,posted,2026-07-06T08:24:39.115295,602.0
4e2b738b93da2995,https://themimu.info/sites/themimu.info/files/jobs/MTSTM_Health_Educator_Data_Entry_Assistant_TB_HIV_Prevention_Project_JD.pdf,,,posted,2026-07-06T08:24:40.897826,603.0
63b593f465674229,https://themimu.info/sites/themimu.info/files/jobs/MTSTM_XRay_Technician_TB_HIV_Prevention_Project_JD.pdf,,,posted,2026-07-06T08:24:42.689175,604.0
880541e7488c503f,https://themimu.info/sites/themimu.info/files/jobs/RI_VA_-GBV_Response_Assistant_Shan_State_20_Jul_26.pdf,,,posted,2026-07-06T13:43:20.454429,605.0
5948e25d327116f5,https://themimu.info/sites/themimu.info/files/jobs/MSI_Center_In-Charge_Hlaingtharya_20th_July_2026.pdf,,,posted,2026-07-06T13:43:22.425969,606.0
a5cfd228de59aa7a,https://themimu.info/sites/themimu.info/files/jobs/20260706_FCA_Job_Opportunity_Finance_Officer.pdf,,,posted,2026-07-06T13:43:24.080605,607.0
a55ec252ec289d65,https://themimu.info/sites/themimu.info/files/jobs/VA_Tdh-052_2026_Project_Officer_Gender_Yangon.pdf,,,posted,2026-07-06T13:43:26.129972,608.0
beaa05b1a81cd3c6,https://themimu.info/sites/themimu.info/files/jobs/VA_Tdh-053_2026_HR_HR_Officer_Mandalay.pdf,,,posted,2026-07-06T13:43:27.757073,609.0
da35cff4acaa9a65,https://themimu.info/sites/themimu.info/files/jobs/067-Re-advertisement_Vacancy_Announcement_for_Nurse-Counsellor_Lone_Khin_Kachin_State.pdf,,,posted,2026-07-06T13:43:29.418926,610.0
65a39911c074dee6,https://themimu.info/sites/themimu.info/files/jobs/IC-2026-006-Job_ID35293_Nat_Consultant_for_Documentation_and_Knowledge_Management_WGF-External.pdf,,,posted,2026-07-07T07:34:08.780170,611.0
792e535c790f0d67,https://themimu.info/sites/themimu.info/files/jobs/075-_Claim_Assistant_Intern_.pdf,,,posted,2026-07-07T07:34:10.502952,612.0
ccd5f18767737eaa,https://themimu.info/sites/themimu.info/files/jobs/VA_-_NASA_Consultant_2023_2025.pdf,,,skipped|empty title,2026-07-07T07:34:07.280533,
8c95eb72743e1c94,https://themimu.info/sites/themimu.info/files/jobs/Embassy_of_Sri_Lanka_-_Vacancy_Announcement_-_Receptionist.pdf,,,skipped|empty title,2026-07-07T07:34:07.284868,
2c9878e4cc29a5a9,https://themimu.info/sites/themimu.info/files/jobs/PIM_JA_PO_YEE_Kachin.pdf,,,posted,2026-07-07T10:53:53.597365,613.0
290cffa8e526fde5,https://themimu.info/sites/themimu.info/files/jobs/KC_26070702_Laboratory_Supervisor_21.07.2026.pdf,,,posted,2026-07-07T10:53:55.372056,614.0
cbc673c2521130d1,https://themimu.info/sites/themimu.info/files/jobs/JR51022_Seniro_MEAL_Manager_RISE_NO_14072026.pdf,,,posted,2026-07-07T10:53:56.824869,615.0
1e96f80f84f141ba,https://themimu.info/sites/themimu.info/files/jobs/JR51024_Senior_Technical_Manager_RISE_NO_14072026.pdf,,,posted,2026-07-07T10:53:58.587343,616.0
ae64be2a4f17b94e,https://themimu.info/sites/themimu.info/files/jobs/JR51023_Senior_Program_Manager_RISE_NO_14072026.pdf,,,posted,2026-07-07T10:54:00.277690,617.0
32a26223108b96d6,https://themimu.info/sites/themimu.info/files/jobs/JR51020_Program_Director_RISE_NO_14072026.pdf,,,posted,2026-07-07T10:54:02.084100,618.0
9f0c8752f723dc2c,https://themimu.info/sites/themimu.info/files/jobs/VA_of_Global_Fund_prevention-_Senior_Program_officer_final_2026.pdf,,,posted,2026-07-07T10:54:03.474991,619.0
99fa60fec5b16446,https://themimu.info/sites/themimu.info/files/jobs/SDF_Finance_Officer_20.7.2026.pdf,,,posted,2026-07-07T10:54:05.591630,620.0
f32e55c1f49f5698,https://themimu.info/sites/themimu.info/files/jobs/vacancy_announcement_-_Junior_accountant.pdf,,,posted,2026-07-07T10:54:07.037788,621.0
675058bb4d77c899,https://themimu.info/sites/themimu.info/files/jobs/VA-030-2026_Medical_Officer_Mongton_and_Hpapun_ACE-KKM_Reannouncement_July_2026.pdf,,,posted,2026-07-07T10:54:08.552438,622.0
5622aa4e04cc7101,https://themimu.info/sites/themimu.info/files/jobs/SENTRUM_HR_O3_Output_Manager_Skills_Development_and_Green_Jobs_.pdf,,,skipped|empty title,2026-07-08T06:24:25.345220,
a21b59a70fa9c923,https://themimu.info/sites/themimu.info/files/jobs/SENTRUM_HR_O1_Output_Manager_Renewable_Energy_Access.pdf,,,skipped|empty title,2026-07-08T06:24:25.350088,
a2bdc7569ad40517,https://themimu.info/sites/themimu.info/files/jobs/074_2026-_Announcement_for_Medical_Officer_Bago_LPK_Re-announcement.pdf,,,posted,2026-07-08T06:25:18.275759,633.0
35bce1c760dc3b7f,https://themimu.info/sites/themimu.info/files/jobs/073_2026-_Announcement_for_Community_Outreach_Organizer_-_FSW_Lashio-LPK_Re-announcement.pdf,,,posted,2026-07-08T06:25:20.264289,634.0
58bf8f32e1ea9ed6,https://themimu.info/sites/themimu.info/files/jobs/072_2026-_Announcement_for_Medical_Officer_Lashio-LPK_Re-announcement.pdf,,,posted,2026-07-08T06:25:22.357383,635.0
f99b0ed81fc45bb3,https://themimu.info/sites/themimu.info/files/jobs/VA_228_2026_Community_Mobilizer_SCH_MyeikFieldOffice.pdf,,,skipped|title has no letters ('“ 4 ”'),2026-07-08T06:25:16.355162,
6e5b69f810b57004,https://themimu.info/sites/themimu.info/files/jobs/VA_227_2026_CCF_SCH_MyeikFieldOffice.pdf,,,skipped|title has no letters ('“ 1 ”'),2026-07-08T06:25:16.359797,
86e19e70f0e5f648,https://themimu.info/sites/themimu.info/files/jobs/VA_226_2026_MobileDataAssistant_NyangShwe_Ywarngan_SCH_MRO.pdf,,,skipped|title has no letters ('“ 2 ”'),2026-07-08T06:25:16.364392,
a58b8642240145f3,https://themimu.info/sites/themimu.info/files/jobs/VA_225_2026_Community_Mobilizer_Myitthar_SCH_MRO.pdf,,,skipped|title has no letters ('“ 1 ”'),2026-07-08T06:25:16.368983,
397b2154b3185482,https://themimu.info/sites/themimu.info/files/jobs/VA_224_2026_Community_Mobilizer_Namsang_SCH_MRO.pdf,,,skipped|title has no letters ('“ 1 ”'),2026-07-08T06:25:16.373708,
fce3f711e377205a,https://themimu.info/sites/themimu.info/files/jobs/VA_223_2026_Community_Mobilizer_Loilen_SCH_MRO.pdf,,,skipped|title has no letters ('“ 1 ”'),2026-07-08T06:25:16.378250,
275e93077f75a55d,https://themimu.info/sites/themimu.info/files/jobs/VA_222_2026_PC_Pyinmana_SCH_YRO.pdf,,,skipped|title has no letters ('“ 1 ”'),2026-07-08T06:25:16.382953,
e9fedde707565ce8,https://themimu.info/sites/themimu.info/files/jobs/VA_221_2026_Community_Coordinator_Pyinmana_SCH_MRO.pdf,,,skipped|title has no letters ('“ 1 ”'),2026-07-08T06:25:16.387615,
75abb0793da759b8,https://themimu.info/sites/themimu.info/files/jobs/VA_220_2026_Community_Mobilizer_Halingbwe_SCH_YRO.pdf,,,skipped|title has no letters ('“ 1 ”'),2026-07-08T06:25:16.392184,
30c1d2741ac5951c,https://themimu.info/sites/themimu.info/files/jobs/VA_219_2026_Community_Mobilizer_Kyaunggone_and_Bogalay_SCH_YRO.pdf,,,skipped|title has no letters ('“ 2 ”'),2026-07-08T06:25:16.396819,
e93d46286710e9df,https://themimu.info/sites/themimu.info/files/jobs/Terms_of_Reference_Fund_Raising_Strategy_Consultancy_EHO-ERC_updated.pdf,,,skipped|empty title,2026-07-08T06:25:16.402425,
14d1d128dfc9f55a,https://themimu.info/sites/themimu.info/files/jobs/PIM_JA_CDA_Mandalay_2_positions.pdf,,,posted,2026-07-08T10:13:30.640333,636.0
e42849f09807e70a,https://themimu.info/sites/themimu.info/files/jobs/VRA_Tdh-044-2026_Finance_Finance_Officer_MDY.pdf,,,posted,2026-07-08T10:13:32.463301,637.0
b46054bd6ed201b3,https://themimu.info/sites/themimu.info/files/jobs/Vacancy_Announcement_VA-HR056-26_Protection_Assistant_Case_Management.pdf,,,skipped|junk fragment title ('Summary'),2026-07-08T10:12:38.947479,
1a2793ef14b8af2f,https://themimu.info/sites/themimu.info/files/jobs/Vacancy_Announcement_VA-HR055-26_Protection_Officer_Case_Management.pdf,,,skipped|junk fragment title ('Summary'),2026-07-08T10:12:38.950962,
088c49de3c8018d0,https://themimu.info/sites/themimu.info/files/jobs/VA_Tdh-054-2026_Logistics_Logistics_Officer_YGN.pdf,,,posted,2026-07-08T10:13:34.356380,638.0
f32088329ab0294d,https://themimu.info/sites/themimu.info/files/jobs/021-BS-Vacancy_announcement_for_Nurse-Counsellor_Shwebo_Sagaing_Region.pdf,,,posted,2026-07-08T10:13:36.385557,639.0
0f88703a894c5658,https://themimu.info/sites/themimu.info/files/jobs/020-BS-Vacancy_announcement_for_Nurse-Counsellor_Homalin_Sagaing_Region.pdf,,,posted,2026-07-08T10:13:38.504697,640.0
86b7a8879f408304,https://themimu.info/sites/themimu.info/files/jobs/MRCS_VA.No_.086_Partner_Relations_Officer_8-7-2026_to_15-7-2026.pdf,,,posted,2026-07-08T13:57:37.149187,641.0
42e2720e5a31cbac,https://themimu.info/sites/themimu.info/files/jobs/Vacancy_announcement_Liaison_Consultant.pdf,,,posted,2026-07-08T13:57:38.765480,642.0
05c5d3298934cdf3,https://themimu.info/sites/themimu.info/files/jobs/Vacancy_Announcement_VA-HR_051-26_Medical_Team_Leader_Re-announcement.pdf,,,skipped|junk fragment title ('Summary'),2026-07-08T13:57:35.784683,
132f5b8d74e2b487,https://themimu.info/sites/themimu.info/files/jobs/Vacancy_Announcement_VA-HR52-26_Nurse_Re-announcement.pdf,,,skipped|junk fragment title ('Summary'),2026-07-08T13:57:35.789328,
043bd113861142d5,https://themimu.info/sites/themimu.info/files/jobs/Vacancy_Announcement_VA-HR054-26_Project_Officer_Shelter_Construction.pdf,,,skipped|junk fragment title ('Summary'),2026-07-08T13:57:35.793935,
9d96d68a91da90cd,https://themimu.info/sites/themimu.info/files/jobs/07082026_VA_Senior_MEAL_Officer_YCDN.pdf,,,skipped|junk fragment title ('Summary'),2026-07-08T13:57:35.798612,
41c25b15fbbeafd5,https://themimu.info/sites/themimu.info/files/jobs/Thanaka_Endline_TOR.pdf,,,posted,2026-07-09T07:34:30.294588,643.0
9b124b90d95c2a88,https://themimu.info/sites/themimu.info/files/jobs/ADRA_Myanmar_Job_Advertisement_Procurement_and_Logistic_Coordinator_Yangon_Deadline_22-Jul-2026.pdf,,,posted,2026-07-09T07:34:32.376443,644.0
955a86b3e5b61636,https://themimu.info/sites/themimu.info/files/jobs/TOR_Translator_Paralegal_-_Rakhine.pdf,,,posted,2026-07-09T07:34:34.248604,645.0
78ed5aded5fccb2c,https://themimu.info/sites/themimu.info/files/jobs/Lawyer_Announcement_-_Yangon_Myanmar_Version_Jul_26.pdf,,,skipped|empty title,2026-07-09T07:34:28.519140,
5a2c68ce48b54861,https://themimu.info/sites/themimu.info/files/jobs/068-Finance_Officer_Re-Announcement_.pdf,,,skipped|title has no letters ('1'),2026-07-09T10:51:45.080640,
bf0110d41a292480,https://themimu.info/sites/themimu.info/files/jobs/JVR202611_Senior_WASH_Officer_Re-announcement.pdf,,,posted,2026-07-09T10:53:28.701231,646.0
077a3509c113f143,https://themimu.info/sites/themimu.info/files/jobs/IRC_VA_JR00004097_Finance_Officer_MDL_DL_22_July26.pdf,,,posted,2026-07-09T10:53:30.513342,647.0
7b985d53a49c3690,https://themimu.info/sites/themimu.info/files/jobs/Intern_Asset_GPE_Management_-_CO_Supply_Chain.pdf,,,posted,2026-07-09T10:53:32.242016,648.0
ee99e1d3605e5e43,https://themimu.info/sites/themimu.info/files/jobs/VA_No.002_UNDP_HR_2026_Programme_Analyst_NOB.pdf,,,skipped|empty title,2026-07-09T10:52:34.395556,
144febd672877dc9,https://themimu.info/sites/themimu.info/files/jobs/076._Program_Support_Assistant_.pdf,,,posted,2026-07-09T10:53:33.978805,649.0
f8d9c8a560c8fd80,https://themimu.info/sites/themimu.info/files/jobs/022-Re-advertisement_-BS-Vacancy_announcement_for_Nurse-Counsellor_Tamu_Sagaing_Region.pdf,,,posted,2026-07-09T10:53:35.463492,650.0
a49adf8707498c93,https://themimu.info/sites/themimu.info/files/jobs/VA_Tdh-055-2026_Nutrition_Project_Assistant_TGO.pdf,,,posted,2026-07-09T10:53:37.111908,651.0
a657d19adf23700d,https://themimu.info/sites/themimu.info/files/jobs/Vacancy_Announcement_for_ME_Assistant_-_ESCP.pdf,,,posted,2026-07-09T14:46:44.414944,652.0
d8abebd403bf10fa,https://themimu.info/sites/themimu.info/files/jobs/Vacancy_Announcement_for_Community_Services_Facilitator_ESCP.pdf,,,posted,2026-07-09T14:46:46.157334,653.0
deb947674c2b68ff,https://themimu.info/sites/themimu.info/files/jobs/VA-2026-HI-024_Project_Officer_Hpa_An.pdf,,,posted,2026-07-09T14:46:47.893076,654.0
04b8603dd676c7d7,https://themimu.info/sites/themimu.info/files/jobs/Vacancy_Announcement_Center_Officer.pdf,,,posted,2026-07-09T14:46:49.664754,655.0
5c19ce663d9639d6,https://themimu.info/sites/themimu.info/files/jobs/IRC_VA_JR00004029_Information_Management_Manager_Yangon.pdf,,,posted,2026-07-10T07:32:03.847402,656.0
9a164c0a4ae84b95,https://themimu.info/sites/themimu.info/files/jobs/VA-Community_Facilitator.pdf,,,skipped|empty title,2026-07-10T07:31:21.086895,
8f5cf7e0dbb4dd53,https://themimu.info/sites/themimu.info/files/jobs/Vacancy_Announcement_MCH_service_providers.pdf,,,posted,2026-07-10T07:32:05.527297,657.0
5f3c874c5ec1e222,https://themimu.info/sites/themimu.info/files/jobs/Vacancy_Announcement_Case_Manager_WGC.pdf,,,posted,2026-07-10T07:32:07.260987,658.0
a4068703bb69cafc,https://themimu.info/sites/themimu.info/files/jobs/REBUILD_RH_REC_JDs_Cashier_July_2026.pdf,,,posted,2026-07-10T10:57:32.965173,659.0
4c4402f22030515f,https://themimu.info/sites/themimu.info/files/jobs/SH26071001_Nurse_1.pdf,,,posted,2026-07-10T10:57:34.733137,660.0
3e01fa78d12a09df,https://themimu.info/sites/themimu.info/files/jobs/Vacancy_Announcement_for_Field_Coordinator_24.7.26.pdf,,,posted,2026-07-10T10:57:36.614962,661.0
f32d597d783ba761,https://themimu.info/sites/themimu.info/files/jobs/VA_Driver_Kayah_-_Demoso_West.pdf,,,posted,2026-07-10T10:57:38.111848,662.0
bec157a51997638b,https://themimu.info/sites/themimu.info/files/jobs/MD_Pool_VA_MSF_Holland.pdf,,,posted,2026-07-10T10:57:39.955617,663.0
92f8eb0b2eeddd71,https://themimu.info/sites/themimu.info/files/jobs/VA-068-MEC_Hpapun_ACE-KKM-Kayin_Extension.pdf,,,posted,2026-07-10T10:57:41.436223,664.0
57e7cc586287453b,https://themimu.info/sites/themimu.info/files/jobs/VA-073-2026_MO_HTY_ACE-TB.pdf,,,posted,2026-07-10T10:57:43.137962,665.0
bc11dd8cabd03cf7,https://themimu.info/sites/themimu.info/files/jobs/VA260704_ME_Officer_YGN.pdf,,,skipped|title has no letters ('(1)'),2026-07-10T10:50:50.975285,
447dc8d7688ad4d0,https://themimu.info/sites/themimu.info/files/jobs/260722_VA-Prevention-GF_FO_24-26_HO_Eng.pdf,,,posted,2026-07-10T10:57:44.707730,666.0
5b8c5d4d028f2c40,https://themimu.info/sites/themimu.info/files/jobs/260722_VA-Prevention-GF_CMO_24-26_YMT_Eng.pdf,,,posted,2026-07-10T10:57:46.178697,667.0
6d56263ec3e516f7,https://themimu.info/sites/themimu.info/files/jobs/VA260703_Safe_House_Supervisor_July_2026.pdf,,,skipped|title has no letters ('( ာထိုး အဒရအတ က်) အမ ြုံ ိုးသမ ိုး (၁) ဥ ိုး'),2026-07-10T10:51:27.143136,
e43656ad3f0d6cb9,https://themimu.info/sites/themimu.info/files/jobs/077_2026-_Announcement_for_SNS_Team_Leader_Pathein_LPK.pdf,,,posted,2026-07-10T10:57:47.773031,668.0
ae5aefc5d4b2724c,https://themimu.info/sites/themimu.info/files/jobs/076_2026-_Announcement_for_SNS_Team_Leader_Meikhtila_LPK.pdf,,,posted,2026-07-10T10:57:49.289306,669.0
2ec6dd1c407f7139,https://themimu.info/sites/themimu.info/files/jobs/RI_VA_-Finance_Assistant-Rakhine_State_24_July_26.pdf,,,posted,2026-07-10T10:57:50.810608,670.0
0976d68fbf74c8e3,https://themimu.info/sites/themimu.info/files/jobs/1._Vacancy_Announcement_for_Area_Manager_MCHC.pdf,,,posted,2026-07-10T10:57:52.841357,671.0
81d0f04befc83255,https://themimu.info/sites/themimu.info/files/jobs/TOR_-_Admin_Officer.pdf,,,posted,2026-07-10T10:57:54.412980,672.0
8f01ed747ea96bf2,https://themimu.info/sites/themimu.info/files/jobs/Project_Officer_program.pdf,,,posted,2026-07-10T10:57:56.050734,673.0
f107c8d07fadc9ce,https://themimu.info/sites/themimu.info/files/jobs/CBT_officer_vc.pdf,,,posted,2026-07-10T10:57:57.878942,674.0
243261ff7bf8f7d9,https://themimu.info/sites/themimu.info/files/jobs/8._Vacancy_Announcement_for_Admin_and_HR_Officer_MCHC.pdf,,,posted,2026-07-10T10:57:59.843270,675.0
e37ce3d33ddae738,https://themimu.info/sites/themimu.info/files/jobs/7._Vacancy_Announcement_for_Logistic_Manager_MCHC.pdf,,,posted,2026-07-10T10:58:01.806307,676.0
36504e113234722b,https://themimu.info/sites/themimu.info/files/jobs/6._Vacancy_Announcement_for_Health_Technical_Specialist_MCHC.pdf,,,posted,2026-07-10T10:58:03.412093,677.0
70195d15584ebc89,https://themimu.info/sites/themimu.info/files/jobs/5._Vacancy_Announcement_for_Protection_Technical_Specialist_MCHC.pdf,,,posted,2026-07-10T10:58:04.981139,678.0
55b6e1657575aebc,https://themimu.info/sites/themimu.info/files/jobs/4._Vacancy_Announcement_for_Education_Technical_Specialist_MCHC.pdf,,,posted,2026-07-10T10:58:06.705960,679.0
2995cd9ed281ab9b,https://themimu.info/sites/themimu.info/files/jobs/3._Vacancy_Announcement_for_Humanitarian_Technical_Specialist_MCHC.pdf,,,posted,2026-07-10T10:58:08.417217,680.0
755c8408acedcd58,https://themimu.info/sites/themimu.info/files/jobs/2._Vacancy_Announcement_for_WASH_Technical_Specialist_MCHC.pdf,,,posted,2026-07-10T10:58:10.056568,681.0
c2b0ea461bcc6876,https://themimu.info/sites/themimu.info/files/jobs/MRCS_VA._093_Field_PGI_and_CEA_Officer_10-7-2026_to_17-7-2026.pdf,,,posted,2026-07-10T10:58:11.575986,682.0
8dc1ed8e1b9673ad,https://themimu.info/sites/themimu.info/files/jobs/MRCS_VA._092_Health_Officer_Pakokku_10-7-2026_to_24-7-2026.pdf,,,posted,2026-07-10T10:58:13.256407,683.0
a0402de622c779c7,https://themimu.info/sites/themimu.info/files/jobs/MRCS_VA._091_Nurse_Pakokku_10-7-2026_to_24-7-2026.pdf,,,posted,2026-07-10T10:58:14.825280,684.0
ee69d93e41d1a0aa,https://themimu.info/sites/themimu.info/files/jobs/MRCS_VA._090_Medical_Doctor_Coordinator_10-7-2026_to_24-7-2026.pdf,,,posted,2026-07-10T10:58:16.406080,685.0
a6731f6431731b7f,https://themimu.info/sites/themimu.info/files/jobs/MRCS_VA_No._089_-_DM_Coordinator_Naypyitaw-Yangon_10-7-2026_to_24-7-2026.pdf,,,posted,2026-07-10T10:58:18.036753,686.0
5b5afafb9fd1c8e7,https://themimu.info/sites/themimu.info/files/jobs/MRCS_VA._088_Field_Assistant_Operation_Support_Officer_Mandalay_10-7-2026_to_17-7-2026.pdf,,,posted,2026-07-10T10:58:19.543257,687.0
2f5103861fcab499,https://themimu.info/sites/themimu.info/files/jobs/MRCS_VA.No_.087_Translator_10-7-2026_to_17-7-2026.pdf,,,posted,2026-07-10T10:58:21.150935,688.0
4f7a84c1e187125f,https://themimu.info/sites/themimu.info/files/jobs/VACANCY_ANNOUNCEMENT_for_Project_Assistant_4_posts-_PDF.pdf,,,posted,2026-07-13T06:50:43.205512,691.0
a3e978fda723fd5a,https://themimu.info/sites/themimu.info/files/jobs/STW-VA-DRC-MEALManager-13July2026_0.pdf,,,posted,2026-07-13T06:50:45.692838,692.0
0abd746dfba66152,https://themimu.info/sites/themimu.info/files/jobs/018-Deputy_Manager-GrantPartnership_Re-Announcement__0.pdf,,,skipped|title has no letters ('1'),2026-07-13T06:49:50.857772,
3e105619bc6c3a64,https://themimu.info/sites/themimu.info/files/jobs/Kachin-VA-DRC-ProtectionAssistant-13July2026.pdf,,,posted,2026-07-13T06:50:47.421756,693.0
1d43ea81ff6d11d9,https://themimu.info/sites/themimu.info/files/jobs/Vacancy_Announcement_for_Field_Coordinator_24.7.2026.pdf,,,posted,2026-07-13T06:50:48.959667,694.0
f386920f54ad85b8,https://themimu.info/sites/themimu.info/files/jobs/WFP_Vacancy_10_July_2026.pdf,,,skipped|empty title,2026-07-13T06:50:22.344644,
6b65c2f1e58f1c45,https://themimu.info/sites/themimu.info/files/jobs/WASH_Assistant-JD_0.pdf,,,posted,2026-07-13T06:50:51.050145,695.0
c701b7af2da1da80,https://themimu.info/sites/themimu.info/files/jobs/Update_VA_226_2026_MobileDataAssistant_NyangShwe_Ywarngan_SCH_MRO.pdf,,,skipped|title has no letters ('“ 2 ”'),2026-07-13T10:55:27.986274,
234156e184f2f81a,https://themimu.info/sites/themimu.info/files/jobs/Vacancy_Announcement_for_Sr._Internal_Audit_Officer27.7.26.pdf,,,posted,2026-07-13T10:58:40.024822,696.0
f4c30b0da07fcbbc,https://themimu.info/sites/themimu.info/files/jobs/Vacancy_Announcement_for_Senior_Admin_Officer_27.7.26.pdf,,,posted,2026-07-13T10:58:42.051056,697.0
6038d37d1046b266,https://themimu.info/sites/themimu.info/files/jobs/Project_Coordinator_Ye-U_End-TB.pdf,,,posted,2026-07-13T10:58:43.960837,698.0
e2d46fdaba942e92,https://themimu.info/sites/themimu.info/files/jobs/VA_0072_2026_Medical_Doctor_Kachin_25062026.pdf,,,skipped|junk fragment title ('As soon as possible'),2026-07-13T10:56:15.703769,
249fef0969377460,https://themimu.info/sites/themimu.info/files/jobs/13072026_VA_Finance_Officer.pdf,,,posted,2026-07-13T10:58:46.022701,699.0
4988375e910cca4a,https://themimu.info/sites/themimu.info/files/jobs/YGN-VA-DRC-GrantsManager-13July2026.pdf,,,posted,2026-07-13T10:58:47.647635,700.0
8493da4c88a6db7c,https://themimu.info/sites/themimu.info/files/jobs/Consultancy_for_CBDRM_Training.pdf,,,posted,2026-07-13T10:58:49.574554,701.0
f7f5eb066379abcc,https://themimu.info/sites/themimu.info/files/jobs/260713_Financial_Reporting_Officer.pdf,,,posted,2026-07-13T10:58:51.809957,702.0
4e54131e1ad8d2c7,https://themimu.info/sites/themimu.info/files/jobs/068-Re-advertisement_Vacancy_Announcement_for_Medical_Coordinator_Mawlaik_Sagaing_Region.pdf,,,posted,2026-07-13T10:58:53.557676,703.0
fead78a941a63910,https://themimu.info/sites/themimu.info/files/jobs/PW-July_2026.pdf,,,skipped|empty title,2026-07-13T10:58:01.635234,
166a58903d1e778e,https://themimu.info/sites/themimu.info/files/jobs/PS-_July-2026.pdf,,,skipped|empty title,2026-07-13T10:58:01.640255,
03017fa047cd91a8,https://themimu.info/sites/themimu.info/files/jobs/023-Re-advertisement_-BS-Vacancy_announcement_for_Nurse-Counsellor_Mawlaik_Sagaing_Region.pdf,,,posted,2026-07-13T10:58:55.164052,704.0
0a9ad8b9e599c687,https://themimu.info/sites/themimu.info/files/jobs/Nurse_CounselorJuly-26_0.pdf,,,posted,2026-07-13T10:58:56.883194,705.0
7e247f97f1e5481a,https://themimu.info/sites/themimu.info/files/jobs/TVET_Officer_Meiktila_July2026.pdf,,,posted,2026-07-13T14:21:49.744685,706.0
01490e65b0bbe3f8,https://themimu.info/sites/themimu.info/files/jobs/JVR202617_Medical_Doctor.pdf,,,failed|wp_post_failed,2026-07-14T04:52:51.920568,
e1f8f49c6a487e57,https://themimu.info/sites/themimu.info/files/jobs/Vacancy_Announcement_VA-HR058-26_Senior_Engineer.pdf,,,skipped|junk fragment title ('Summary'),2026-07-14T04:52:51.708171,
7e5cb6815e8a48be,https://themimu.info/sites/themimu.info/files/jobs/VA231_2026_Team_Leader_SCH_MRO.pdf,,,skipped|title has no letters ('“ 1 ”'),2026-07-14T04:52:51.713464,
72b14cf96595701e,https://themimu.info/sites/themimu.info/files/jobs/VA_230_2026_TSO_ShanSouth_SCH_MRO.pdf,,,skipped|title has no letters ('“ 1 ”'),2026-07-14T04:52:51.718766,
f121e87049fdbec3,https://themimu.info/sites/themimu.info/files/jobs/VA_229_2026_Technical_network_support_officer_SCH_MRO.pdf,,,skipped|title has no letters ('“1”'),2026-07-14T04:52:51.724232,
07f02b8b71ef1762,https://themimu.info/sites/themimu.info/files/jobs/Call_for_Master_Silversmiths_Batch_II.pdf,,,skipped|empty title,2026-07-14T04:52:51.729504,
8b9451744c1dc7e6,https://themimu.info/sites/themimu.info/files/jobs/VA_Research_Capacity_Building_and_Abstract_Writing_Training_Consultant.pdf,,,skipped|empty title,2026-07-14T09:52:37.531779,
35eeabbe40d23c6a,https://themimu.info/sites/themimu.info/files/jobs/VA_HIV_Surveillance_Report_Development.pdf,,,skipped|empty title,2026-07-14T09:52:37.536935,
9faedd0ae1b89659,https://themimu.info/sites/themimu.info/files/jobs/Project_Coordinator_Taunggyi.pdf,,,failed|wp_post_failed,2026-07-14T09:52:54.429730,
e6f127deca61d3ec,https://themimu.info/sites/themimu.info/files/jobs/VA_0073_2026_Child_Program_Officer_Yangon_14072026.pdf,,,skipped|junk fragment title ('As soon as possible'),2026-07-14T09:52:54.279239,
eec23b9f597af1b3,https://themimu.info/sites/themimu.info/files/jobs/VA-074-2026_Project_Coordinator_Monghsat_ACE-KKM-Shan.pdf,,,failed|wp_post_failed,2026-07-14T11:23:40.184921,
e1aa756b87f5c6ec,https://themimu.info/sites/themimu.info/files/jobs/JR51081_Grants_Acquisition_Development_Manager_21072026.pdf,,,failed|wp_post_failed,2026-07-14T11:23:40.764596,
71ea827d9c391b63,https://themimu.info/sites/themimu.info/files/jobs/JR51081_Project_Manager_RISE_Project_21072026.pdf,,,failed|wp_post_failed,2026-07-14T11:23:41.334995,
0defc7371aefb4ab,https://themimu.info/sites/themimu.info/files/jobs/Vacancy_Announcement_Business_Development_and_Partnerships_Manager_1.pdf,,,skipped|junk fragment title ('Title'),2026-07-14T11:23:04.285811,
6b5b328f4029a8d8,https://themimu.info/sites/themimu.info/files/jobs/JVA-LAB_TECHNICIAN-SHAN_STATE_0.pdf,,,failed|wp_post_failed,2026-07-14T11:23:41.904327,
aa31f69af90d3a3e,https://themimu.info/sites/themimu.info/files/jobs/Terms_of_Reference_ToR_SCLR_Training-Final.pdf,,,skipped|empty title,2026-07-14T11:23:21.895365,
34de7925d17e3004,https://themimu.info/sites/themimu.info/files/jobs/TOR_Translator_Paralegal_-_Mandalay.pdf,,,failed|wp_post_failed,2026-07-14T11:23:42.483971,
883f2a58da966614,https://themimu.info/sites/themimu.info/files/jobs/Community_Outreach_Consultant_-_MDY_based_Final_Jul.pdf,,,skipped|empty title,2026-07-14T11:23:39.976819,
0d925afc402de3d4,https://themimu.info/sites/themimu.info/files/jobs/ADRA_Myanmar_Job_Advertisement_MEAL_Specialist_Yangon_Deadline_28_July_2026_final.pdf,,,posted,2026-07-15T04:48:31.307511,759.0
5d77c191519f4898,https://themimu.info/sites/themimu.info/files/jobs/TORIPM.pdf,,,posted,2026-07-15T04:48:32.951191,760.0
6be9205eb2dd385f,https://themimu.info/sites/themimu.info/files/jobs/VA-Project_Assistant_Education.pdf,,,posted,2026-07-15T07:59:37.180887,761.0
a6fa67fabe3d31d7,https://themimu.info/sites/themimu.info/files/jobs/MRCS_VA._097_Security_Sagaing_15-7-2026_to_22-7-2026.pdf,,,skipped|empty title,2026-07-15T07:58:27.611830,
0c54f326cbe06ef9,https://themimu.info/sites/themimu.info/files/jobs/MRCS_VA._096_Field_Finance_Officer_Sagaing_15-7-2026_to_22-7-2026.pdf,,,posted,2026-07-15T07:59:39.148365,762.0
16fd57ab7a259046,https://themimu.info/sites/themimu.info/files/jobs/MRCS_VA._095_Admin_Assistant_CVA_Naypyitaw-Yangon_15.7.2026_to_22.7.2026.pdf,,,posted,2026-07-15T07:59:41.226474,763.0
3c736426ccf086b7,https://themimu.info/sites/themimu.info/files/jobs/MRCS_VA._094_Field_Officer_Mdy_6-Posts_15-7-2026_to_22-7-2026.pdf,,,posted,2026-07-15T07:59:43.177479,764.0
077d883147362ab6,https://themimu.info/sites/themimu.info/files/jobs/MRCS_VA._059.4_Nurse_15-7-2026_to_29-7-2026.pdf,,,posted,2026-07-15T07:59:45.079571,765.0
192c0711f4b7cee9,https://themimu.info/sites/themimu.info/files/jobs/MC_VA_0120726_MEL_Officer.pdf,,,posted,2026-07-15T10:04:50.389812,766.0
d2d8100850fb455a,https://themimu.info/sites/themimu.info/files/jobs/2026-003_Job_ID33890_Re-advertisement_NATIONAL_POST_Communications_and_Advocacy_Analyst_Yangon_Myanmar_NOB_FTA.pdf,,,posted,2026-07-15T13:26:08.369657,767.0
89766a8e2f537f45,https://themimu.info/sites/themimu.info/files/jobs/VA00019COO_Finance_Officer_15072026_FV.pdf,,,posted,2026-07-15T13:26:10.527884,768.0
2c9603fe92fc6090,https://themimu.info/sites/themimu.info/files/jobs/VN_Logistics_Officer.pdf,,,posted,2026-07-15T13:26:12.694883,769.0
3e15f820205485b3,https://themimu.info/sites/themimu.info/files/jobs/KC_26070601_FinHR_Assistant_20.07.2026.pdf,,,posted,2026-07-15T13:26:15.375121,770.0
ca25ebe82aa1dd1f,https://themimu.info/sites/themimu.info/files/jobs/JA_EmploymentOfficer_202607_Final.pdf,,,skipped|empty title,2026-07-15T13:25:48.705623,
59336df80068c0c0,https://themimu.info/sites/themimu.info/files/jobs/JA_FinanceAdminOfficer_202607_Final_0.pdf,,,posted,2026-07-15T13:26:17.904452,771.0
02bd6c4e6f9b6949,https://themimu.info/sites/themimu.info/files/jobs/078-Finance_Manager.pdf,,,posted,2026-07-16T06:14:28.822339,822.0
2c307ea59354060a,https://themimu.info/sites/themimu.info/files/jobs/VA_235_2026_Community_Coordinator_Bago_SCH_YRO.pdf,,,skipped|title has no letters ('“ 10 ”'),2026-07-16T06:13:14.919879,
f3ddc276090e8e51,https://themimu.info/sites/themimu.info/files/jobs/IP-2026-01_Announcement_EHS_Myanmar.pdf,,,posted,2026-07-16T06:14:30.322676,823.0
d1d9c18550a1c986,https://themimu.info/sites/themimu.info/files/jobs/VA_234_2026_Community_Mobilizer_Bago_Yangon_Mon_Ayeyarwady_SCH_YRO_0.pdf,,,skipped|title has no letters ('“ 48 ”'),2026-07-16T06:13:32.785767,
a0d72f593e9df710,https://themimu.info/sites/themimu.info/files/jobs/MTSTM_Project_Coordinator_TB_HIV_Prevention_Project_JD.pdf,,,posted,2026-07-16T06:14:31.868417,824.0
5643352a790fce09,https://themimu.info/sites/themimu.info/files/jobs/KC_26071502_MD_28.07.2026.pdf,,,posted,2026-07-16T06:14:33.279641,825.0
b8f6c5fffa147c78,https://themimu.info/sites/themimu.info/files/jobs/KC_26071501_NurseSRH_28.07.2026.pdf,,,posted,2026-07-16T06:14:34.751804,826.0
2e6613dc6e27e2b9,https://themimu.info/sites/themimu.info/files/jobs/VA_233_2026_TSO_SCH_YRO.pdf,,,skipped|title has no letters ('“ 3 ”'),2026-07-16T06:14:27.350996,
b099fd7c0d546f52,https://themimu.info/sites/themimu.info/files/jobs/VA_232_2026_RM_SCH_YRO.pdf,,,skipped|title has no letters ('“1”'),2026-07-16T06:14:27.356451,
1fe607ae9488a0f9,https://themimu.info/sites/themimu.info/files/jobs/VA_1826_Finance_Officer.pdf,,,skipped|empty title,2026-07-16T10:03:30.707612,
251e4bf7c64dbfd2,https://themimu.info/sites/themimu.info/files/jobs/VA00020KYN_Field_Coordinator_16062026_FV.pdf,,,skipped|junk fragment title ('only'),2026-07-16T10:03:30.714074,
0e543a95c7fa3d02,https://themimu.info/sites/themimu.info/files/jobs/VA-009_Information_Management_Coordinator_Yangon_29_July_2026.pdf,,,posted,2026-07-16T10:04:08.688713,827.0
b5944db73ee56d85,https://themimu.info/sites/themimu.info/files/jobs/079-Grants_Partnership_Coordinator-.pdf,,,posted,2026-07-16T10:04:10.091235,828.0
314614427ca94d62,https://themimu.info/sites/themimu.info/files/jobs/SCI_SS_Officer_HpaAn_23_Jul_2026.pdf,,,posted,2026-07-16T13:40:21.585917,829.0
dd157e5dce628f38,https://themimu.info/sites/themimu.info/files/jobs/16072026_Admin_HR_Officer_YCDN.pdf,,,skipped|junk fragment title ('Summary'),2026-07-16T13:39:30.455652,
95d125b27a900b9e,https://themimu.info/sites/themimu.info/files/jobs/Program_Assistant_-Head_Office-July_26.pdf,,,skipped|junk fragment title ('Overview'),2026-07-16T13:39:30.460922,
ce87ad267fac52ec,https://themimu.info/sites/themimu.info/files/jobs/Vacancy_Announcement_Field_Coordinator_DWA.pdf,,,posted,2026-07-16T13:40:23.153777,830.0
3664c1bec40e9690,https://themimu.info/sites/themimu.info/files/jobs/VA-076_Project_Support_Assistant_Daily_Paid.pdf,,,posted,2026-07-16T13:40:24.673334,831.0
1c535dcc7ecc1342,https://themimu.info/sites/themimu.info/files/jobs/Vacancy_Announcement_Township_Monitor_DWA_0.pdf,,,posted,2026-07-16T13:40:26.006698,832.0
4567d5a5198043a4,https://themimu.info/sites/themimu.info/files/jobs/VA_-_consultant_for_virtual_platform.pdf,,,skipped|empty title,2026-07-16T13:40:20.204576,
b4ef879831e220bb,https://themimu.info/sites/themimu.info/files/jobs/VA_1926_HR_Officer.pdf,,,skipped|empty title,2026-07-16T13:40:20.209803,
fb25ebc2e17aa8d4,https://themimu.info/sites/themimu.info/files/jobs/VA_0074_2026_Medical_Doctor_Yangon_16072026.pdf,,,skipped|junk fragment title ('As soon as possible'),2026-07-17T06:11:27.571366,
8ad336b01e25e5ee,https://themimu.info/sites/themimu.info/files/jobs/084_2026-_Announcement_for_Senior_Operations_Officer_Mandalay_LPK.pdf,,,posted,2026-07-17T06:13:16.164950,833.0
4885cea272fd79d2,https://themimu.info/sites/themimu.info/files/jobs/083_2026-_Announcement_for_Medical_Officer_Bago_LPK_Re-announcement.pdf,,,posted,2026-07-17T06:13:17.690110,834.0
c5215911d6972104,https://themimu.info/sites/themimu.info/files/jobs/082_2026-_Announcement_for_Assistant_Project_Officer_cum_Assistant_Finance_and_Administration_Officer_Meikhtila_LPK.pdf,,,posted,2026-07-17T06:13:19.054144,835.0
a6de8eb19fce0dfe,https://themimu.info/sites/themimu.info/files/jobs/081_2026-_Announcement_for_Sr_Technical_Support_Officer_Yangon_LPK.pdf,,,posted,2026-07-17T06:13:20.637992,836.0
741597e6b79e7496,https://themimu.info/sites/themimu.info/files/jobs/080_2026-_Announcement_for_SNS_Team_Leader_Pyay_LPK.pdf,,,posted,2026-07-17T06:13:22.210730,837.0
64cc281b41329f55,https://themimu.info/sites/themimu.info/files/jobs/079_2026-_Announcement_for_SNS_Team_Leader_Taungoo_LPK.pdf,,,posted,2026-07-17T06:13:23.841009,838.0
fe33e5148ce24e2c,https://themimu.info/sites/themimu.info/files/jobs/078_2026-_Announcement_for_SNS_Team_Leader_Bago_LPK.pdf,,,posted,2026-07-17T06:13:25.191289,839.0
719cab4fc88c5c08,https://themimu.info/sites/themimu.info/files/jobs/VA-075-2026_Field_Agent_Daily_Paid_ACE-TB.pdf,,,skipped|empty title,2026-07-17T06:13:14.887252,
36cf55e99936bfb5,https://themimu.info/sites/themimu.info/files/jobs/STW-VA-DRC-ProtectionAssistant-Response-17July2026.pdf,,,posted,2026-07-17T09:54:08.825437,840.0
d36b0d3378e2935d,https://themimu.info/sites/themimu.info/files/jobs/CFSI_VACANCY_ANNOUNCEMENT_Case_Worker_Sittwe_GSMIP.pdf,,,posted,2026-07-17T09:54:10.549044,841.0
4bf8a5260c2ee18a,https://themimu.info/sites/themimu.info/files/jobs/Terms_of_Reference_TOR_-_Finance_Officer.pdf,,,posted,2026-07-17T09:54:12.010259,842.0
6262fb94a692f0dc,https://themimu.info/sites/themimu.info/files/jobs/Job_announcemnet_for_HR_Admin_Cashier.pdf,,,skipped|empty title,2026-07-17T09:53:16.306762,
2c63d6d7a9afabf4,https://themimu.info/sites/themimu.info/files/jobs/ICRC_Myitkyina_Technical_Worker_32881.pdf,,,skipped|empty title,2026-07-17T09:53:16.312124,
1e7313a6748ce5d0,https://themimu.info/sites/themimu.info/files/jobs/006_26_VA_Sr._MEAL_Officer_Yangon.pdf,,,posted,2026-07-17T09:54:13.771407,843.0
674d6c62bffe9ed8,https://themimu.info/sites/themimu.info/files/jobs/069-Re-advertisement_Vacancy_Announcement_for_Nurse_MMT-ART_Nant_Taw_Sagaing_Region.pdf,,,posted,2026-07-17T09:54:15.373327,844.0
a7cc0abb20fd7310,https://themimu.info/sites/themimu.info/files/jobs/STW-VA-DRC-ProtectionAssistant-Prevention-17July2026.pdf,,,posted,2026-07-17T09:54:16.758752,845.0
95c7892f782f7409,https://themimu.info/sites/themimu.info/files/jobs/MSI_Reproductive_Choices_Myanmar_Center_Nurse_Hpa-An_31st_July_2026.pdf,,,posted,2026-07-17T15:10:43.965165,870.0
69851af911de0eef,https://themimu.info/sites/themimu.info/files/jobs/VA-009_Information_Management_Coordinator_Yangon_29_July_2026_0.pdf,,,posted,2026-07-17T15:10:45.372239,871.0
5f5ee838f8c6944a,https://themimu.info/sites/themimu.info/files/jobs/MSI_Mobile_Team_Leader_Mahaaungmyay_24th_July_2026.pdf,,,posted,2026-07-17T15:10:46.736719,872.0
97d48dd27f2d13f4,https://themimu.info/sites/themimu.info/files/jobs/VA-_Township_CoordinatorKalay.pdf,,,skipped|empty title,2026-07-17T15:10:42.876235,
ac5fd02dde744a4b,https://themimu.info/sites/themimu.info/files/jobs/Social_Performance_Impact_Analyst_HO.pdf,,,skipped|junk fragment title ('Purpose'),2026-07-18T04:49:27.487423,
d3c74e2ffc7b54fb,https://themimu.info/sites/themimu.info/files/jobs/VA_244_2026_CXR_Technician_SCH_MRO_Suncare.pdf,,,skipped|title has no letters ('“ 1 ”'),2026-07-18T04:49:27.493509,
2e7a6074f5061e73,https://themimu.info/sites/themimu.info/files/jobs/VA_243_2026_DataAssistant_SCH_MRO_SunCare.pdf,,,skipped|title has no letters ('“ 1 ”'),2026-07-18T04:49:27.499230,
aaa3ed7a96360b01,https://themimu.info/sites/themimu.info/files/jobs/VA_242_2026_Community_Mobilizer_Monywa_SCH_MRO.pdf,,,skipped|title has no letters ('“ 1 ”'),2026-07-18T04:49:27.504867,
256ac61b8d9efb64,https://themimu.info/sites/themimu.info/files/jobs/VA_241_2026_Community_Mobilizer_9posts_SCH_MRO.pdf,,,skipped|title has no letters ('“ 9 ”'),2026-07-18T04:49:27.510579,
14d887711c02f5ef,https://themimu.info/sites/themimu.info/files/jobs/VA_240_2026_Community_Coordinator_SCH_MRO.pdf,,,skipped|title has no letters ('“ 4 ”'),2026-07-18T04:49:27.516094,
67a3c75db239c4c4,https://themimu.info/sites/themimu.info/files/jobs/VA_239_2026_Security_SCH_MRO_SunCare.pdf,,,skipped|title has no letters ('“ 1 ”'),2026-07-18T04:49:27.521712,
c19a602a48c37fde,https://themimu.info/sites/themimu.info/files/jobs/VA_238_2026_Domestic_SCH_MRO_SunCare.pdf,,,skipped|title has no letters ('“ 1 ”'),2026-07-18T04:49:27.527315,
d098be4db7fb0c36,https://themimu.info/sites/themimu.info/files/jobs/VA_237_2026_OpsCoordinator_SunCare_SCH_MRO.pdf,,,skipped|title has no letters ('“ 1 ”'),2026-07-18T04:49:27.532878,
3389c03036cc763f,https://themimu.info/sites/themimu.info/files/jobs/VA_236_2026_TSO_Community_SCH_MRO.pdf,,,skipped|title has no letters ('“ 2 ”'),2026-07-18T04:49:27.538484,
f80b3425f7d55735,https://themimu.info/sites/themimu.info/files/jobs/TOR_-_Admin_Officer_0.pdf,,,posted,2026-07-19T06:26:56.034097,897.0
fe1d1066389dbea8,https://themimu.info/sites/themimu.info/files/jobs/VA_MYEO_-_Impact_Analytics_Insights_Manager.pdf,,,posted,2026-07-20T06:41:57.509869,914.0
1be9a624ee5c654b,https://themimu.info/sites/themimu.info/files/jobs/1-Vacancy_Annoucement-MEAL_Officer.pdf,,,posted,2026-07-20T06:41:58.956656,915.0
f25b0f541b5c7ec5,https://themimu.info/sites/themimu.info/files/jobs/NSS-VA-DRC-FinanceAssistant-20July2026.pdf,,,posted,2026-07-20T10:47:50.168773,916.0
9c392188821f7894,https://themimu.info/sites/themimu.info/files/jobs/Kachin-VA-DRC-FinanceAssistant-20July2026.pdf,,,posted,2026-07-20T10:47:51.857253,917.0
c7c00047ef95efd6,https://themimu.info/sites/themimu.info/files/jobs/Junior_Information_Communication_and_Public_Relation_Staff.pdf,,,skipped|empty title,2026-07-20T10:47:16.059576,
7bac3206d469a631,https://themimu.info/sites/themimu.info/files/jobs/ToRs_consultant_call.pdf,,,skipped|empty title,2026-07-20T10:47:16.065176,
80a48b1af7c376a4,https://themimu.info/sites/themimu.info/files/jobs/VA-030-2026_Medical_Officer_Hpapun_and_Mongton_ACE-KKM_Reannouncement_Aug_2026.pdf,,,posted,2026-07-20T10:47:53.530819,918.0
2bbe15cde986da86,https://themimu.info/sites/themimu.info/files/jobs/20260717_SWISSAID_JVA_Senior_MEAL_Officer_Yangon.pdf,,,posted,2026-07-20T10:47:55.199656,919.0
1a04a845f8418024,https://themimu.info/sites/themimu.info/files/jobs/Job_Vacancy_Announcement_MD_HH_company.pdf,,,skipped|empty title,2026-07-20T13:55:00.297575,
a7975df13a0a2d15,https://themimu.info/sites/themimu.info/files/jobs/070-Re-advertisement_Vacancy_Announcement_for_Nurse-Counsellor_Kale_Sagaing_Region.pdf,,,posted,2026-07-20T13:55:41.972264,920.0
5f99374832743b1b,https://themimu.info/sites/themimu.info/files/jobs/Oxfam_Programme_Officer_2_Aug_2026.pdf,,,posted,2026-07-20T13:55:43.469426,921.0
dcb1696c1c455d8d,https://themimu.info/sites/themimu.info/files/jobs/2607001_YAN_VA_Daily_Driver_Light_Vihecles_EN.pdf,,,posted,2026-07-21T06:24:36.493894,922.0
